"Date","Price","Open","High","Low","Vol.","Change %"
"04/24/2026","94.296","94.100","94.301","94.110","","0.20%"
"04/23/2026","94.110","94.010","94.158","94.005","","0.33%"
"04/22/2026","93.800","93.495","93.869","93.494","","0.33%"
"04/21/2026","93.495","93.120","93.631","93.120","","0.40%"
"04/20/2026","93.120","92.710","93.243","92.631","","0.56%"
"04/17/2026","92.603","93.140","93.140","92.444","","-0.48%"
"04/16/2026","93.053","93.260","93.407","92.926","","-0.36%"
"04/15/2026","93.385","93.106","93.503","93.074","","0.24%"
"04/14/2026","93.165","93.156","93.407","93.016","","-0.07%"
"04/13/2026","93.233","93.318","93.431","93.120","","0.15%"
"04/10/2026","93.090","92.683","93.092","92.409","","0.67%"
"04/09/2026","92.470","92.570","92.915","92.313","","-0.12%"
"04/08/2026","92.585","92.860","92.860","92.333","","-0.30%"
"04/07/2026","92.867","93.008","93.075","92.818","","-0.21%"
"04/06/2026","93.065","92.838","93.204","92.716","","0.38%"
"04/03/2026","92.710","92.952","92.803","92.614","","-0.29%"
"04/02/2026","92.978","93.279","93.691","92.797","","-0.27%"
"04/01/2026","93.226","93.627","93.890","93.022","","-0.28%"
"03/31/2026","93.485","94.373","94.380","93.432","","-0.95%"
"03/30/2026","94.379","93.048","95.220","93.032","","-0.43%"
"03/27/2026","94.782","94.298","94.988","94.116","","0.52%"
"03/26/2026","94.288","93.800","94.301","93.800","","0.41%"
"03/25/2026","93.906","93.990","94.214","93.763","","-0.15%"
"03/24/2026","94.043","93.505","94.141","93.505","","0.89%"
"03/23/2026","93.212","93.743","94.137","92.911","","-0.51%"
"03/20/2026","93.692","92.924","93.826","92.834","","0.84%"
"03/19/2026","92.911","93.027","93.384","92.859","","-0.23%"
"03/18/2026","93.129","92.407","93.129","92.340","","0.79%"
"03/17/2026","92.395","92.240","92.491","92.240","","0.14%"
"03/16/2026","92.264","92.449","92.483","92.147","","-0.30%"
"03/13/2026","92.540","92.366","92.572","92.240","","0.16%"
"03/12/2026","92.388","92.243","92.506","92.055","","0.17%"
"03/11/2026","92.229","91.899","92.258","91.837","","0.28%"
"03/10/2026","91.974","91.851","92.204","91.674","","-0.20%"
"03/09/2026","92.155","92.330","92.386","92.113","","0.24%"
"03/06/2026","91.933","91.662","92.012","91.570","","0.16%"
"03/05/2026","91.787","92.132","92.165","91.335","","-0.36%"
"03/04/2026","92.123","92.012","92.311","91.880","","0.08%"
"03/03/2026","92.050","91.560","92.239","91.560","","0.51%"
"03/02/2026","91.585","91.234","91.774","91.167","","0.56%"
"02/27/2026","91.076","91.022","91.142","90.915","","0.09%"
"02/26/2026","90.993","90.941","91.078","90.806","","0.11%"
"02/25/2026","90.894","90.913","90.970","90.863","","-0.03%"
"02/24/2026","90.918","91.026","91.032","90.855","","-0.11%"
"02/23/2026","91.016","90.765","91.034","90.680","","0.32%"
"02/20/2026","90.730","91.042","91.088","90.721","","-0.34%"
"02/19/2026","91.038","90.793","91.211","90.700","","0.26%"
"02/18/2026","90.804","90.627","90.809","90.575","","0.19%"
"02/17/2026","90.632","90.784","90.804","90.607","","-0.16%"
"02/16/2026","90.779","90.596","90.832","90.536","","0.25%"
"02/13/2026","90.555","90.613","90.762","90.516","","-0.01%"
"02/12/2026","90.564","90.672","90.732","90.390","","-0.19%"
"02/11/2026","90.736","90.587","90.846","90.465","","0.16%"
"02/10/2026","90.588","90.793","90.798","90.470","","-0.19%"
"02/09/2026","90.756","90.518","90.811","90.373","","0.18%"
"02/06/2026","90.596","90.315","90.845","90.173","","0.31%"
"02/05/2026","90.319","90.362","90.521","90.063","","-0.08%"
"02/04/2026","90.391","90.377","90.535","90.233","","-0.04%"
"02/03/2026","90.423","90.328","90.520","90.022","","-0.94%"
"02/02/2026","91.285","91.778","92.023","91.280","","-0.45%"
"01/30/2026","91.694","91.870","92.027","91.667","","-0.10%"
"01/29/2026","91.782","92.031","92.129","91.779","","-0.28%"
"01/28/2026","92.043","91.540","92.220","91.418","","0.62%"
"01/27/2026","91.474","91.775","91.896","91.472","","-0.26%"
"01/26/2026","91.713","91.531","91.790","91.500","","0.04%"
"01/23/2026","91.675","91.559","91.988","91.415","","0.11%"
"01/22/2026","91.570","91.537","91.681","91.279","","0.03%"
"01/21/2026","91.546","91.055","91.753","90.998","","0.47%"
"01/20/2026","91.119","90.905","91.119","90.871","","0.24%"
"01/19/2026","90.902","90.717","91.015","90.610","","0.21%"
"01/16/2026","90.709","90.318","90.891","90.318","","0.38%"
"01/15/2026","90.362","90.190","90.439","90.181","","0.13%"
"01/14/2026","90.248","90.265","90.391","89.983","","-0.04%"
"01/13/2026","90.282","90.233","90.351","90.165","","0.17%"
"01/12/2026","90.132","90.257","90.272","90.117","","-0.12%"
"01/09/2026","90.244","89.883","90.318","89.855","","0.38%"
"01/08/2026","89.905","89.852","90.132","89.730","","0.05%"
"01/07/2026","89.864","90.166","90.232","89.807","","-0.27%"
"01/06/2026","90.108","90.231","90.264","90.050","","-0.14%"
"01/05/2026","90.233","90.131","90.311","90.095","","0.24%"
"01/02/2026","90.014","89.942","90.255","89.864","","0.05%"
"01/01/2026","89.968","89.955","89.993","89.865","","0.11%"
"12/31/2025","89.871","89.780","90.001","89.727","","0.11%"
"12/30/2025","89.770","89.974","90.020","89.687","","-0.14%"
"12/29/2025","89.900","89.837","89.993","89.830","","0.12%"
"12/26/2025","89.796","89.753","89.962","89.697","","0.07%"
"12/25/2025","89.736","89.735","89.736","89.735","","-0.09%"
"12/24/2025","89.814","89.534","89.860","89.419","","0.42%"
"12/23/2025","89.436","89.563","89.851","89.411","","-0.19%"
"12/22/2025","89.604","89.542","89.768","89.446","","0.03%"
"12/19/2025","89.577","90.238","90.302","89.255","","-0.76%"
"12/18/2025","90.267","90.389","90.464","90.042","","-0.16%"
"12/17/2025","90.409","91.020","91.075","89.906","","-0.59%"
"12/16/2025","90.949","90.777","91.082","90.710","","0.19%"
"12/15/2025","90.775","90.550","90.793","90.510","","0.21%"
"12/12/2025","90.584","90.188","90.652","90.174","","0.37%"
"12/11/2025","90.251","89.875","90.488","89.846","","0.51%"
"12/10/2025","89.793","89.908","90.084","89.763","","-0.14%"
"12/09/2025","89.917","90.130","90.207","89.825","","-0.24%"
"12/08/2025","90.130","89.962","90.267","89.962","","0.21%"
"12/05/2025","89.945","89.900","90.076","89.700","","0.12%"
"12/04/2025","89.837","90.150","90.462","89.726","","-0.37%"
"12/03/2025","90.171","89.923","90.329","89.857","","0.28%"
"12/02/2025","89.918","89.606","90.014","89.591","","0.34%"
"12/01/2025","89.613","89.325","89.800","89.325","","0.29%"
"11/28/2025","89.357","89.361","89.516","89.316","","-0.01%"
"11/27/2025","89.365","89.161","89.409","89.116","","0.23%"
"11/26/2025","89.161","89.170","89.288","89.146","","0.01%"
"11/25/2025","89.153","89.148","89.274","88.979","","0.01%"
"11/24/2025","89.148","89.527","89.538","89.063","","-0.55%"
"11/21/2025","89.641","88.692","89.734","88.602","","1.04%"
"11/20/2025","88.715","88.487","88.763","88.483","","0.25%"
"11/19/2025","88.492","88.557","88.623","88.416","","-0.07%"
"11/18/2025","88.552","88.610","88.697","88.495","","-0.09%"
"11/17/2025","88.636","88.705","88.748","88.559","","-0.06%"
"11/14/2025","88.689","88.777","88.808","88.636","","-0.14%"
"11/13/2025","88.817","88.590","88.831","88.582","","0.26%"
"11/12/2025","88.590","88.501","88.663","88.499","","0.14%"
"11/11/2025","88.467","88.707","88.726","88.421","","-0.27%"
"11/10/2025","88.707","88.650","88.746","88.623","","0.05%"
"11/07/2025","88.665","88.625","88.731","88.590","","-0.01%"
"11/06/2025","88.673","88.632","88.693","88.459","","0.13%"
"11/05/2025","88.557","88.710","88.774","88.545","","-0.20%"
"11/04/2025","88.732","88.722","88.779","88.332","","0.01%"
"11/03/2025","88.724","88.722","88.806","88.697","","-0.05%"
"10/31/2025","88.769","88.637","88.814","88.566","","0.15%"
"10/30/2025","88.632","88.314","88.765","88.308","","0.25%"
"10/29/2025","88.408","88.232","88.493","88.141","","0.20%"
"10/28/2025","88.234","88.223","88.423","88.160","","0.01%"
"10/27/2025","88.225","87.786","88.311","87.785","","0.44%"
"10/24/2025","87.836","87.777","87.889","87.630","","0.06%"
"10/23/2025","87.779","87.716","87.964","87.716","","0.04%"
"10/22/2025","87.740","88.003","88.003","87.612","","-0.32%"
"10/21/2025","88.021","87.880","88.092","87.880","","0.17%"
"10/20/2025","87.875","87.956","88.012","87.738","","-0.15%"
"10/17/2025","88.003","87.939","88.119","87.716","","0.01%"
"10/16/2025","87.991","87.754","88.058","87.611","","0.21%"
"10/15/2025","87.810","88.729","88.799","87.809","","-1.09%"
"10/14/2025","88.782","88.683","88.827","88.627","","0.13%"
"10/13/2025","88.665","88.726","88.798","88.564","","-0.10%"
"10/10/2025","88.757","88.817","88.826","88.494","","-0.12%"
"10/09/2025","88.866","88.778","88.877","88.694","","0.12%"
"10/08/2025","88.760","88.759","88.824","88.725","","0.02%"
"10/07/2025","88.739","88.721","88.785","88.691","","0.02%"
"10/06/2025","88.721","88.763","88.839","88.695","","-0.02%"
"10/03/2025","88.735","88.749","88.816","88.664","","0.02%"
"10/02/2025","88.720","88.669","88.883","88.585","","0.04%"
"10/01/2025","88.683","88.786","88.856","88.612","","-0.18%"
"09/30/2025","88.841","88.738","88.877","88.673","","0.15%"
"09/29/2025","88.704","88.661","88.802","88.624","","0.03%"
"09/26/2025","88.677","88.774","88.792","88.638","","-0.10%"
"09/25/2025","88.768","88.732","88.818","88.599","","-0.01%"
"09/24/2025","88.777","88.790","88.939","88.673","","-0.03%"
"09/23/2025","88.808","88.304","88.821","88.256","","0.57%"
"09/22/2025","88.303","88.181","88.346","88.116","","0.23%"
"09/19/2025","88.100","88.207","88.343","88.052","","-0.12%"
"09/18/2025","88.206","87.891","88.291","87.834","","0.53%"
"09/17/2025","87.745","87.879","87.910","87.662","","-0.16%"
"09/16/2025","87.883","88.069","88.160","87.878","","-0.27%"
"09/15/2025","88.122","88.279","88.302","88.115","","-0.18%"
"09/12/2025","88.277","88.298","88.431","88.232","","0.01%"
"09/11/2025","88.267","88.105","88.499","88.084","","0.24%"
"09/10/2025","88.054","88.220","88.267","88.021","","-0.22%"
"09/09/2025","88.248","88.002","88.261","87.949","","0.30%"
"09/08/2025","87.981","88.153","88.196","87.922","","-0.23%"
"09/05/2025","88.187","88.125","88.367","88.069","","-0.01%"
"09/04/2025","88.193","88.079","88.220","87.999","","0.14%"
"09/03/2025","88.073","88.045","88.195","87.975","","0.09%"
"09/02/2025","87.998","87.985","88.206","87.825","","0.00%"
"09/01/2025","88.001","88.175","88.343","87.931","","-0.20%"
"08/29/2025","88.174","87.591","88.313","87.575","","0.67%"
"08/28/2025","87.591","87.659","87.696","87.520","","-0.08%"
"08/27/2025","87.661","87.674","87.883","87.607","","0.03%"
"08/26/2025","87.635","87.623","87.805","87.582","","0.03%"
"08/25/2025","87.608","87.310","87.623","87.274","","0.32%"
"08/22/2025","87.331","87.266","87.551","87.179","","0.04%"
"08/21/2025","87.294","87.023","87.343","86.926","","0.32%"
"08/20/2025","87.018","87.073","87.171","86.980","","-0.06%"
"08/19/2025","87.070","87.297","87.382","86.921","","-0.28%"
"08/18/2025","87.311","87.545","87.559","87.296","","-0.23%"
"08/15/2025","87.513","87.692","87.694","87.410","","-0.20%"
"08/14/2025","87.691","87.471","87.700","87.385","","0.28%"
"08/13/2025","87.450","87.595","87.727","87.380","","-0.18%"
"08/12/2025","87.606","87.656","87.761","87.575","","-0.06%"
"08/11/2025","87.660","87.541","87.763","87.472","","0.20%"
"08/08/2025","87.489","87.435","87.759","87.435","","0.05%"
"08/07/2025","87.446","87.715","87.798","87.345","","-0.32%"
"08/06/2025","87.725","87.785","87.851","87.629","","-0.12%"
"08/05/2025","87.830","87.977","87.977","87.736","","0.17%"
"08/04/2025","87.680","87.284","87.727","87.155","","0.50%"
"08/01/2025","87.245","87.490","87.673","87.170","","-0.32%"
"07/31/2025","87.524","87.715","87.796","87.501","","-0.19%"
"07/30/2025","87.691","87.058","87.846","87.050","","0.67%"
"07/29/2025","87.108","86.770","87.108","86.735","","0.47%"
"07/28/2025","86.697","86.481","86.725","86.402","","0.22%"
"07/25/2025","86.503","86.432","86.641","86.405","","0.14%"
"07/24/2025","86.380","86.401","86.445","86.241","","0.00%"
"07/23/2025","86.380","86.328","86.471","86.284","","0.07%"
"07/22/2025","86.322","86.195","86.441","86.180","","0.15%"
"07/21/2025","86.195","86.134","86.362","86.132","","0.05%"
"07/18/2025","86.150","86.010","86.244","85.972","","0.13%"
"07/17/2025","86.035","85.922","86.136","85.796","","0.17%"
"07/16/2025","85.885","85.959","86.081","85.733","","-0.12%"
"07/15/2025","85.991","86.009","86.032","85.742","","-0.03%"
"07/14/2025","86.017","85.824","86.062","85.810","","0.22%"
"07/11/2025","85.825","85.735","85.921","85.690","","0.09%"
"07/10/2025","85.749","85.715","85.766","85.533","","0.08%"
"07/09/2025","85.680","85.760","85.932","85.637","","-0.09%"
"07/08/2025","85.760","85.778","85.835","85.632","","0.00%"
"07/07/2025","85.760","85.575","86.043","85.575","","0.31%"
"07/04/2025","85.497","85.480","85.535","85.307","","0.07%"
"07/03/2025","85.433","85.559","85.708","85.183","","-0.22%"
"07/02/2025","85.625","85.617","85.772","85.566","","-0.01%"
"07/01/2025","85.630","85.700","85.700","85.457","","-0.08%"
"06/30/2025","85.700","85.479","85.845","85.441","","0.29%"
"06/27/2025","85.455","85.640","85.681","85.422","","-0.22%"
"06/26/2025","85.640","86.021","86.055","85.614","","-0.46%"
"06/25/2025","86.040","85.937","86.148","85.791","","0.11%"
"06/24/2025","85.944","86.157","86.265","85.899","","-0.73%"
"06/23/2025","86.580","86.788","86.871","86.571","","0.00%"
"06/20/2025","86.580","86.684","86.698","86.530","","-0.30%"
"06/19/2025","86.840","86.416","86.916","86.416","","0.47%"
"06/18/2025","86.430","86.315","86.573","86.263","","0.13%"
"06/17/2025","86.318","86.030","86.404","85.890","","0.55%"
"06/16/2025","85.846","86.149","86.260","85.782","","-0.30%"
"06/13/2025","86.108","86.164","86.217","85.924","","0.62%"
"06/12/2025","85.581","85.470","85.665","85.401","","0.13%"
"06/11/2025","85.468","85.560","85.631","85.412","","-0.15%"
"06/10/2025","85.596","85.666","85.695","85.505","","-0.09%"
"06/09/2025","85.670","85.803","85.813","85.466","","-0.14%"
"06/06/2025","85.786","85.838","86.005","85.621","","-0.06%"
"06/05/2025","85.835","85.849","85.978","85.663","","-0.05%"
"06/04/2025","85.875","85.692","86.045","85.651","","0.19%"
"06/03/2025","85.709","85.392","85.709","85.359","","0.42%"
"06/02/2025","85.354","85.504","85.594","85.292","","-0.20%"
"05/30/2025","85.525","85.368","85.653","85.248","","0.12%"
"05/29/2025","85.419","85.557","85.620","85.386","","0.01%"
"05/28/2025","85.414","85.519","85.737","85.321","","0.10%"
"05/27/2025","85.330","85.075","85.464","85.040","","0.28%"
"05/26/2025","85.088","85.037","85.184","84.785","","-0.13%"
"05/23/2025","85.200","85.953","86.045","85.111","","-0.92%"
"05/22/2025","85.995","85.609","86.115","85.530","","0.46%"
"05/21/2025","85.600","85.537","85.702","85.486","","0.07%"
"05/20/2025","85.540","85.370","85.659","85.344","","0.18%"
"05/19/2025","85.390","85.463","85.640","85.336","","-0.13%"
"05/16/2025","85.500","85.445","85.700","85.252","","-0.05%"
"05/15/2025","85.546","85.400","85.741","85.348","","0.18%"
"05/14/2025","85.395","85.038","85.522","85.006","","0.14%"
"05/13/2025","85.275","84.838","85.480","84.630","","0.46%"
"05/12/2025","84.885","84.695","84.959","84.592","","-0.61%"
"05/09/2025","85.409","85.884","85.952","85.284","","-0.15%"
"05/08/2025","85.536","84.778","85.810","84.528","","0.96%"
"05/07/2025","84.721","84.647","84.909","84.473","","0.49%"
"05/06/2025","84.305","84.370","84.637","84.250","","0.01%"
"05/05/2025","84.295","84.491","84.525","84.114","","-0.27%"
"05/02/2025","84.527","84.657","84.685","83.765","","-0.07%"
"05/01/2025","84.590","84.609","84.745","84.552","","-0.01%"
"04/30/2025","84.599","85.220","85.268","84.466","","-0.65%"
"04/29/2025","85.155","85.160","85.408","84.945","","-0.01%"
"04/28/2025","85.163","85.382","85.419","84.949","","-0.26%"
"04/25/2025","85.385","85.293","85.660","85.085","","0.07%"
"04/24/2025","85.326","85.515","85.671","85.239","","-0.03%"
"04/23/2025","85.350","85.221","85.533","85.208","","0.20%"
"04/22/2025","85.180","85.159","85.239","85.049","","0.01%"
"04/21/2025","85.170","85.378","85.379","85.025","","-0.30%"
"04/18/2025","85.429","85.409","85.505","85.390","","0.06%"
"04/17/2025","85.380","85.602","85.631","85.313","","-0.24%"
"04/16/2025","85.587","85.713","85.773","85.515","","-0.11%"
"04/15/2025","85.681","86.023","86.023","85.585","","-0.40%"
"04/14/2025","86.021","86.036","86.110","85.869","","-0.20%"
"04/11/2025","86.190","86.244","86.269","85.935","","0.00%"
"04/10/2025","86.190","86.146","86.334","86.118","","-0.53%"
"04/09/2025","86.650","86.353","86.751","86.353","","0.48%"
"04/08/2025","86.240","85.943","86.306","85.812","","0.45%"
"04/07/2025","85.854","85.611","85.913","85.568","","0.41%"
"04/04/2025","85.502","85.282","85.641","84.932","","0.30%"
"04/03/2025","85.247","85.804","85.813","85.203","","-0.24%"
"04/02/2025","85.450","85.611","85.726","85.432","","-0.14%"
"04/01/2025","85.570","85.459","85.660","85.451","","0.14%"
"03/31/2025","85.450","85.459","85.558","85.417","","-0.10%"
"03/28/2025","85.534","85.680","85.739","85.403","","-0.12%"
"03/27/2025","85.640","85.795","85.915","85.625","","0.02%"
"03/26/2025","85.625","85.616","85.895","85.596","","0.05%"
"03/25/2025","85.583","85.532","85.830","85.531","","0.03%"
"03/24/2025","85.560","85.990","86.046","85.475","","-0.50%"
"03/21/2025","85.990","86.325","86.344","85.916","","-0.38%"
"03/20/2025","86.320","86.337","86.418","86.185","","0.01%"
"03/19/2025","86.310","86.574","86.675","86.301","","-0.23%"
"03/18/2025","86.510","86.659","86.783","86.509","","-0.21%"
"03/17/2025","86.690","86.957","86.973","86.691","","-0.29%"
"03/14/2025","86.941","86.923","87.004","86.871","","0.05%"
"03/13/2025","86.897","87.153","87.201","86.923","","-0.29%"
"03/12/2025","87.150","87.183","87.311","87.149","","-0.03%"
"03/11/2025","87.176","87.332","87.390","87.141","","-0.13%"
"03/10/2025","87.290","87.139","87.381","87.138","","0.22%"
"03/07/2025","87.100","87.149","87.220","86.857","","0.10%"
"03/06/2025","87.011","86.872","87.166","86.868","","0.15%"
"03/05/2025","86.880","87.271","87.346","86.876","","-0.43%"
"03/04/2025","87.255","87.334","87.408","87.134","","-0.01%"
"03/03/2025","87.260","87.449","87.449","87.239","","-0.24%"
"02/28/2025","87.466","87.320","87.559","87.266","","0.16%"
"02/27/2025","87.330","87.108","87.427","87.106","","0.25%"
"02/26/2025","87.113","87.086","87.192","87.014","","-0.02%"
"02/25/2025","87.130","86.698","87.263","86.674","","0.54%"
"02/24/2025","86.660","86.655","86.762","86.506","","0.10%"
"02/21/2025","86.572","86.509","86.779","86.456","","0.01%"
"02/20/2025","86.561","86.902","86.926","86.542","","-0.38%"
"02/19/2025","86.890","86.925","86.958","86.815","","0.03%"
"02/18/2025","86.867","86.855","86.987","86.837","","0.07%"
"02/17/2025","86.809","86.676","86.908","86.632","","0.22%"
"02/14/2025","86.620","86.779","86.905","86.562","","-0.08%"
"02/13/2025","86.690","86.950","87.014","86.693","","-0.24%"
"02/12/2025","86.900","86.796","87.034","86.327","","0.13%"
"02/11/2025","86.789","87.476","87.566","86.639","","-0.78%"
"02/10/2025","87.469","87.994","87.997","87.429","","-0.18%"
"02/07/2025","87.627","87.598","87.655","87.309","","0.05%"
"02/06/2025","87.580","87.336","87.676","87.334","","0.28%"
"02/05/2025","87.336","87.075","87.501","87.075","","0.31%"
"02/04/2025","87.070","86.977","87.142","86.948","","0.13%"
"02/03/2025","86.960","86.916","87.305","86.892","","0.49%"
"01/31/2025","86.536","86.667","86.682","86.550","","-0.01%"
"01/30/2025","86.545","86.553","86.661","86.536","","-0.10%"
"01/29/2025","86.630","86.566","86.648","86.485","","0.05%"
"01/28/2025","86.584","86.395","86.596","86.391","","0.27%"
"01/27/2025","86.350","86.244","86.459","86.234","","0.17%"
"01/24/2025","86.200","86.453","86.478","86.150","","-0.27%"
"01/23/2025","86.430","86.475","86.531","86.370","","-0.02%"
"01/22/2025","86.450","86.452","86.601","86.297","","0.00%"
"01/21/2025","86.452","86.211","86.623","86.211","","0.28%"
"01/20/2025","86.209","86.564","86.584","86.201","","-0.42%"
"01/17/2025","86.571","86.610","86.671","86.521","","0.00%"
"01/16/2025","86.570","86.438","86.648","86.382","","0.22%"
"01/15/2025","86.380","86.532","86.599","86.298","","-0.17%"
"01/14/2025","86.525","86.651","86.723","86.470","","-0.14%"
"01/13/2025","86.646","86.178","86.729","86.094","","0.56%"
"01/10/2025","86.165","85.922","86.195","85.855","","0.32%"
"01/09/2025","85.890","85.922","85.947","85.830","","-0.03%"
"01/08/2025","85.917","85.775","85.943","85.770","","0.13%"
"01/07/2025","85.803","85.705","85.813","85.649","","0.12%"
"01/06/2025","85.700","85.816","85.855","85.601","","-0.07%"
"01/03/2025","85.761","85.836","85.836","85.705","","0.00%"
"01/02/2025","85.760","85.652","85.798","85.628","","0.13%"
"01/01/2025","85.645","85.625","85.716","85.625","","0.11%"
"12/31/2024","85.554","85.538","85.687","85.516","","0.09%"
"12/30/2024","85.474","85.437","85.605","85.426","","0.10%"
"12/27/2024","85.388","85.253","85.823","85.229","","0.16%"
"12/26/2024","85.254","85.201","85.319","85.195","","0.07%"
"12/25/2024","85.198","85.181","85.210","85.156","","0.03%"
"12/24/2024","85.176","85.100","85.218","85.075","","0.10%"
"12/23/2024","85.095","84.960","85.141","84.924","","0.17%"
"12/20/2024","84.947","85.113","85.113","84.941","","-0.17%"
"12/19/2024","85.088","85.035","85.148","84.992","","0.26%"
"12/18/2024","84.867","84.907","84.975","84.840","","-0.04%"
"12/17/2024","84.902","84.882","84.955","84.877","","0.01%"
"12/16/2024","84.890","84.846","84.930","84.794","","0.13%"
"12/13/2024","84.782","84.828","84.896","84.766","","-0.05%"
"12/12/2024","84.825","84.847","84.902","84.823","","0.04%"
"12/11/2024","84.795","84.891","84.919","84.799","","-0.10%"
"12/10/2024","84.880","84.848","84.914","84.775","","0.06%"
"12/09/2024","84.829","84.704","84.914","84.675","","0.19%"
"12/06/2024","84.668","84.685","84.718","84.529","","-0.02%"
"12/05/2024","84.684","84.713","84.757","84.673","","-0.01%"
"12/04/2024","84.693","84.690","84.776","84.644","","0.02%"
"12/03/2024","84.676","84.726","84.800","84.630","","-0.08%"
"12/02/2024","84.740","84.572","84.761","84.560","","0.21%"
"11/29/2024","84.559","84.476","84.640","84.459","","0.13%"
"11/28/2024","84.445","84.441","84.524","84.432","","0.04%"
"11/27/2024","84.410","84.318","84.479","84.315","","0.11%"
"11/26/2024","84.319","84.271","84.366","84.225","","0.07%"
"11/25/2024","84.260","84.408","84.438","84.238","","-0.20%"
"11/22/2024","84.426","84.500","84.523","84.401","","-0.08%"
"11/21/2024","84.495","84.367","84.522","84.359","","0.16%"
"11/20/2024","84.360","84.411","84.419","84.340","","-0.04%"
"11/19/2024","84.390","84.402","84.440","84.371","","-0.01%"
"11/18/2024","84.398","84.444","84.461","84.371","","-0.03%"
"11/15/2024","84.424","84.473","84.483","84.411","","-0.04%"
"11/14/2024","84.461","84.422","84.490","84.384","","0.05%"
"11/13/2024","84.416","84.380","84.432","84.360","","0.04%"
"11/12/2024","84.380","84.381","84.428","84.364","","0.00%"
"11/11/2024","84.379","84.375","84.429","84.357","","-0.02%"
"11/08/2024","84.395","84.312","84.401","84.302","","0.12%"
"11/07/2024","84.293","84.311","84.395","84.260","","-0.02%"
"11/06/2024","84.310","84.115","84.355","84.115","","0.24%"
"11/05/2024","84.109","84.151","84.180","84.088","","-0.02%"
"11/04/2024","84.130","84.057","84.149","84.051","","0.06%"
"11/01/2024","84.080","84.078","84.111","84.038","","0.02%"
"10/31/2024","84.061","84.094","84.142","84.060","","-0.02%"
"10/30/2024","84.080","84.063","84.110","84.056","","0.04%"
"10/29/2024","84.050","84.092","84.102","84.043","","-0.01%"
"10/28/2024","84.060","84.087","84.100","84.054","","-0.04%"
"10/25/2024","84.095","84.089","84.110","84.055","","0.05%"
"10/24/2024","84.050","84.093","84.100","84.050","","-0.01%"
"10/23/2024","84.056","84.108","84.115","84.056","","-0.02%"
"10/22/2024","84.070","84.075","84.104","84.054","","0.00%"
"10/21/2024","84.070","84.080","84.094","84.037","","0.01%"
"10/18/2024","84.065","84.045","84.092","84.028","","0.04%"
"10/17/2024","84.035","84.043","84.083","83.995","","0.01%"
"10/16/2024","84.030","84.052","84.103","83.975","","-0.01%"
"10/15/2024","84.040","84.065","84.087","84.015","","-0.01%"
"10/14/2024","84.045","84.070","84.105","84.021","","-0.07%"
"10/11/2024","84.101","83.965","84.121","83.942","","0.19%"
"10/10/2024","83.940","83.939","83.992","83.930","","-0.01%"
"10/09/2024","83.950","83.938","83.980","83.893","","0.01%"
"10/08/2024","83.945","83.969","83.996","83.915","","-0.04%"
"10/07/2024","83.980","84.007","84.018","83.945","","-0.05%"
"10/04/2024","84.023","83.977","84.050","83.938","","0.04%"
"10/03/2024","83.990","83.927","84.036","83.895","","0.08%"
"10/02/2024","83.920","83.908","84.012","83.849","","0.02%"
"10/01/2024","83.900","83.851","83.951","83.786","","0.17%"
"09/30/2024","83.755","83.696","83.836","83.670","","0.05%"
"09/27/2024","83.710","83.622","83.725","83.598","","0.13%"
"09/26/2024","83.601","83.640","83.729","83.593","","0.00%"
"09/25/2024","83.600","83.605","83.652","83.506","","0.00%"
"09/24/2024","83.600","83.572","83.688","83.518","","0.08%"
"09/23/2024","83.530","83.481","83.577","83.440","","0.05%"
"09/20/2024","83.485","83.620","83.637","83.468","","-0.16%"
"09/19/2024","83.620","83.689","83.749","83.558","","-0.04%"
"09/18/2024","83.650","83.764","83.807","83.651","","-0.12%"
"09/17/2024","83.747","83.907","83.914","83.695","","-0.11%"
"09/16/2024","83.840","83.876","83.919","83.834","","-0.05%"
"09/13/2024","83.880","83.927","83.955","83.843","","-0.05%"
"09/12/2024","83.920","84.015","84.015","83.919","","-0.05%"
"09/11/2024","83.960","83.980","84.007","83.926","","0.01%"
"09/10/2024","83.949","84.005","84.009","83.947","","0.03%"
"09/09/2024","83.928","83.945","83.985","83.921","","-0.07%"
"09/06/2024","83.985","83.988","83.990","83.906","","0.03%"
"09/05/2024","83.961","83.979","84.004","83.956","","0.00%"
"09/04/2024","83.960","83.994","84.020","83.939","","0.01%"
"09/03/2024","83.950","83.919","83.991","83.897","","0.08%"
"09/02/2024","83.880","83.875","83.946","83.850","","0.02%"
"08/30/2024","83.867","83.884","83.905","83.811","","-0.02%"
"08/29/2024","83.880","83.944","83.956","83.839","","-0.02%"
"08/28/2024","83.900","83.963","83.988","83.910","","-0.01%"
"08/27/2024","83.910","83.870","83.965","83.870","","0.08%"
"08/26/2024","83.840","83.806","83.923","83.787","","0.04%"
"08/23/2024","83.809","83.926","83.946","83.799","","-0.14%"
"08/22/2024","83.930","83.900","83.985","83.881","","0.07%"
"08/21/2024","83.870","83.805","83.951","83.749","","0.14%"
"08/20/2024","83.750","83.810","83.880","83.738","","-0.12%"
"08/19/2024","83.850","83.865","83.952","83.826","","-0.04%"
"08/16/2024","83.880","83.945","83.979","83.887","","-0.07%"
"08/15/2024","83.940","83.963","84.007","83.936","","-0.02%"
"08/14/2024","83.960","83.920","83.985","83.896","","0.06%"
"08/13/2024","83.910","83.949","83.983","83.911","","-0.02%"
"08/12/2024","83.930","83.915","83.985","83.899","","-0.02%"
"08/09/2024","83.945","84.015","84.016","83.873","","-0.05%"
"08/08/2024","83.990","83.942","84.011","83.924","","0.13%"
"08/07/2024","83.885","83.955","83.994","83.878","","-0.05%"
"08/06/2024","83.930","83.996","84.000","83.833","","-0.10%"
"08/05/2024","84.018","83.793","84.182","83.757","","0.27%"
"08/02/2024","83.794","83.753","83.822","83.715","","0.10%"
"08/01/2024","83.710","83.709","83.762","83.651","","0.01%"
"07/31/2024","83.699","83.761","83.770","83.654","","-0.02%"
"07/30/2024","83.720","83.746","83.764","83.702","","-0.03%"
"07/29/2024","83.748","83.725","83.774","83.700","","0.05%"
"07/26/2024","83.703","83.760","83.770","83.701","","-0.02%"
"07/25/2024","83.720","83.769","83.810","83.648","","0.01%"
"07/24/2024","83.710","83.690","83.739","83.675","","0.04%"
"07/23/2024","83.676","83.664","83.731","83.606","","0.03%"
"07/22/2024","83.651","83.741","83.741","83.637","","-0.09%"
"07/19/2024","83.724","83.668","83.741","83.596","","0.17%"
"07/18/2024","83.580","83.576","83.682","83.555","","0.00%"
"07/17/2024","83.580","83.532","83.592","83.494","","0.07%"
"07/16/2024","83.524","83.590","83.626","83.530","","-0.03%"
"07/15/2024","83.551","83.507","83.628","83.493","","0.05%"
"07/12/2024","83.513","83.507","83.564","83.476","","0.01%"
"07/11/2024","83.507","83.518","83.607","83.472","","0.00%"
"07/10/2024","83.510","83.492","83.545","83.465","","0.05%"
"07/09/2024","83.465","83.479","83.522","83.452","","-0.04%"
"07/08/2024","83.500","83.495","83.522","83.434","","0.00%"
"07/05/2024","83.500","83.503","83.532","83.458","","0.03%"
"07/04/2024","83.475","83.495","83.561","83.463","","-0.05%"
"07/03/2024","83.520","83.497","83.564","83.435","","0.02%"
"07/02/2024","83.500","83.440","83.567","83.422","","0.07%"
"07/01/2024","83.438","83.380","83.479","83.349","","0.10%"
"06/28/2024","83.355","83.458","83.492","83.329","","-0.10%"
"06/27/2024","83.438","83.579","83.596","83.408","","-0.15%"
"06/26/2024","83.560","83.452","83.632","83.413","","0.19%"
"06/25/2024","83.403","83.439","83.510","83.394","","-0.06%"
"06/24/2024","83.450","83.563","83.590","83.410","","-0.13%"
"06/21/2024","83.558","83.654","83.654","83.484","","-0.07%"
"06/20/2024","83.620","83.422","83.684","83.417","","0.19%"
"06/19/2024","83.460","83.394","83.491","83.340","","0.16%"
"06/18/2024","83.330","83.498","83.560","83.322","","-0.20%"
"06/17/2024","83.500","83.523","83.567","83.503","","-0.06%"
"06/14/2024","83.547","83.546","83.593","83.514","","0.01%"
"06/13/2024","83.540","83.507","83.575","83.487","","0.13%"
"06/12/2024","83.430","83.618","83.622","83.433","","-0.20%"
"06/11/2024","83.600","83.521","83.639","83.480","","0.12%"
"06/10/2024","83.500","83.530","83.551","83.468","","-0.03%"
"06/07/2024","83.521","83.472","83.529","83.365","","0.07%"
"06/06/2024","83.466","83.390","83.527","83.357","","0.11%"
"06/05/2024","83.370","83.539","83.585","83.277","","-0.18%"
"06/04/2024","83.524","83.120","83.676","83.085","","0.53%"
"06/03/2024","83.083","83.124","83.188","82.952","","-0.41%"
"05/31/2024","83.424","83.321","83.501","83.235","","0.17%"
"05/30/2024","83.280","83.363","83.442","83.246","","-0.07%"
"05/29/2024","83.340","83.197","83.411","83.172","","0.22%"
"05/28/2024","83.160","83.137","83.209","83.103","","0.07%"
"05/27/2024","83.102","83.070","83.147","83.034","","0.05%"
"05/24/2024","83.060","83.285","83.300","83.018","","-0.22%"
"05/23/2024","83.240","83.286","83.322","83.190","","0.02%"
"05/22/2024","83.220","83.324","83.328","83.210","","-0.04%"
"05/21/2024","83.250","83.297","83.373","83.226","","-0.04%"
"05/20/2024","83.280","83.302","83.328","83.224","","0.00%"
"05/17/2024","83.280","83.511","83.520","83.273","","-0.20%"
"05/16/2024","83.450","83.420","83.524","83.404","","0.05%"
"05/15/2024","83.411","83.503","83.529","83.409","","-0.08%"
"05/14/2024","83.482","83.529","83.550","83.472","","0.03%"
"05/13/2024","83.460","83.526","83.566","83.465","","-0.10%"
"05/10/2024","83.541","83.453","83.560","83.446","","0.12%"
"05/09/2024","83.441","83.476","83.527","83.432","","-0.03%"
"05/08/2024","83.462","83.466","83.535","83.449","","0.00%"
"05/07/2024","83.458","83.473","83.529","83.432","","-0.03%"
"05/06/2024","83.480","83.391","83.545","83.390","","0.12%"
"05/03/2024","83.376","83.420","83.482","83.308","","-0.07%"
"05/02/2024","83.435","83.430","83.503","83.401","","-0.02%"
"05/01/2024","83.455","83.474","83.532","83.446","","0.01%"
"04/30/2024","83.450","83.459","83.537","83.397","","0.05%"
"04/29/2024","83.410","83.385","83.513","83.352","","0.01%"
"04/26/2024","83.400","83.268","83.422","83.267","","0.11%"
"04/25/2024","83.310","83.338","83.402","83.255","","-0.01%"
"04/24/2024","83.319","83.280","83.362","83.257","","0.06%"
"04/23/2024","83.269","83.384","83.407","83.260","","-0.11%"
"04/22/2024","83.360","83.423","83.457","83.306","","0.00%"
"04/19/2024","83.358","83.548","83.721","83.362","","-0.21%"
"04/18/2024","83.530","83.590","83.605","83.487","","-0.14%"
"04/17/2024","83.650","83.673","83.747","83.589","","0.02%"
"04/16/2024","83.637","83.534","83.700","83.469","","0.18%"
"04/15/2024","83.484","83.481","83.544","83.413","","-0.07%"
"04/12/2024","83.540","83.368","83.622","83.316","","0.26%"
"04/11/2024","83.324","83.413","83.438","83.295","","-0.08%"
"04/10/2024","83.389","83.227","83.426","83.147","","0.25%"
"04/09/2024","83.182","83.271","83.291","83.166","","-0.11%"
"04/08/2024","83.270","83.344","83.352","83.225","","-0.03%"
"04/05/2024","83.293","83.417","83.471","83.241","","-0.06%"
"04/04/2024","83.340","83.478","83.513","83.350","","-0.20%"
"04/03/2024","83.504","83.375","83.585","83.330","","0.22%"
"04/02/2024","83.322","83.374","83.448","83.330","","-0.05%"
"04/01/2024","83.360","83.343","83.408","83.310","","0.01%"
"03/29/2024","83.350","83.391","83.399","83.335","","0.00%"
"03/28/2024","83.352","83.373","83.424","83.310","","0.07%"
"03/27/2024","83.294","83.365","83.480","83.291","","-0.02%"
"03/26/2024","83.309","83.415","83.441","83.254","","-0.12%"
"03/25/2024","83.405","83.465","83.548","83.384","","-0.21%"
"03/22/2024","83.582","83.232","83.733","83.206","","0.49%"
"03/21/2024","83.174","83.117","83.235","83.034","","0.00%"
"03/20/2024","83.173","83.053","83.233","82.990","","0.20%"
"03/19/2024","83.007","82.935","83.063","82.899","","0.13%"
"03/18/2024","82.900","82.891","82.935","82.825","","0.02%"
"03/15/2024","82.883","82.990","82.995","82.817","","-0.04%"
"03/14/2024","82.915","82.827","82.952","82.803","","0.11%"
"03/13/2024","82.820","82.830","82.923","82.774","","0.04%"
"03/12/2024","82.786","82.739","82.839","82.720","","0.08%"
"03/11/2024","82.720","82.754","82.782","82.645","","-0.02%"
"03/08/2024","82.739","82.713","82.770","82.660","","0.04%"
"03/07/2024","82.708","82.820","82.850","82.669","","-0.09%"
"03/06/2024","82.780","82.896","82.919","82.801","","-0.13%"
"03/05/2024","82.891","82.913","82.938","82.863","","-0.02%"
"03/04/2024","82.911","82.845","82.935","82.830","","0.08%"
"03/01/2024","82.841","82.926","82.933","82.836","","-0.07%"
"02/29/2024","82.900","82.910","82.957","82.864","","0.00%"
"02/28/2024","82.900","82.924","82.967","82.863","","0.03%"
"02/27/2024","82.877","82.901","82.921","82.841","","0.04%"
"02/26/2024","82.846","82.873","82.914","82.851","","-0.02%"
"02/23/2024","82.859","82.845","82.965","82.845","","0.03%"
"02/22/2024","82.837","82.933","82.965","82.812","","-0.11%"
"02/21/2024","82.930","82.895","82.983","82.835","","0.05%"
"02/20/2024","82.890","83.031","83.043","82.862","","-0.16%"
"02/19/2024","83.026","82.987","83.061","82.949","","0.02%"
"02/16/2024","83.013","82.991","83.049","82.983","","0.03%"
"02/15/2024","82.988","83.035","83.075","82.982","","-0.06%"
"02/14/2024","83.034","83.104","83.120","83.015","","-0.08%"
"02/13/2024","83.098","83.008","83.121","82.963","","0.15%"
"02/12/2024","82.970","83.025","83.057","82.951","","-0.04%"
"02/09/2024","83.000","82.984","83.059","82.945","","0.03%"
"02/08/2024","82.978","82.981","83.021","82.893","","0.00%"
"02/07/2024","82.977","83.070","83.091","82.934","","-0.10%"
"02/06/2024","83.062","83.044","83.079","83.015","","0.03%"
"02/05/2024","83.036","83.011","83.095","82.956","","0.04%"
"02/02/2024","82.999","82.952","83.027","82.826","","0.06%"
"02/01/2024","82.947","83.083","83.091","82.915","","-0.18%"
"01/31/2024","83.095","83.100","83.132","82.998","","-0.03%"
"01/30/2024","83.120","83.136","83.177","83.087","","-0.02%"
"01/29/2024","83.134","83.149","83.173","83.118","","0.02%"
"01/26/2024","83.115","83.170","83.173","83.079","","-0.03%"
"01/25/2024","83.144","83.141","83.177","83.077","","0.02%"
"01/24/2024","83.130","83.164","83.184","83.067","","-0.02%"
"01/23/2024","83.150","83.096","83.188","83.061","","0.06%"
"01/22/2024","83.100","83.077","83.185","83.059","","0.02%"
"01/19/2024","83.086","83.187","83.192","83.036","","-0.09%"
"01/18/2024","83.165","83.197","83.205","83.098","","-0.02%"
"01/17/2024","83.182","83.085","83.217","83.035","","0.12%"
"01/16/2024","83.084","82.832","83.150","82.829","","0.31%"
"01/15/2024","82.827","82.835","82.929","82.775","","-0.04%"
"01/12/2024","82.857","83.068","83.104","82.779","","-0.25%"
"01/11/2024","83.063","83.004","83.121","82.930","","0.05%"
"01/10/2024","83.023","83.113","83.185","82.959","","-0.10%"
"01/09/2024","83.109","83.053","83.149","83.029","","0.08%"
"01/08/2024","83.045","83.124","83.178","83.026","","-0.07%"
"01/05/2024","83.103","83.235","83.286","83.067","","-0.17%"
"01/04/2024","83.243","83.294","83.335","83.195","","-0.05%"
"01/03/2024","83.282","83.279","83.348","83.244","","0.01%"
"01/02/2024","83.270","83.179","83.359","83.179","","0.04%"
"01/01/2024","83.238","83.240","83.243","83.150","","0.06%"
"12/29/2023","83.190","83.174","83.242","83.099","","0.03%"
"12/28/2023","83.169","83.268","83.318","83.125","","-0.11%"
"12/27/2023","83.263","83.163","83.368","83.163","","0.13%"
"12/26/2023","83.158","83.169","83.218","83.105","","-0.01%"
"12/25/2023","83.164","83.179","83.179","83.109","","0.00%"
"12/22/2023","83.166","83.221","83.275","83.102","","-0.06%"
"12/21/2023","83.214","83.166","83.291","83.156","","0.09%"
"12/20/2023","83.139","83.111","83.237","83.087","","0.04%"
"12/19/2023","83.106","83.153","83.228","83.070","","-0.05%"
"12/18/2023","83.144","83.018","83.173","82.910","","0.15%"
"12/15/2023","83.020","83.308","83.332","82.927","","-0.34%"
"12/14/2023","83.307","83.287","83.372","83.266","","-0.05%"
"12/13/2023","83.350","83.399","83.438","83.346","","-0.06%"
"12/12/2023","83.396","83.368","83.434","83.324","","0.06%"
"12/11/2023","83.350","83.409","83.451","83.349","","-0.09%"
"12/08/2023","83.425","83.354","83.465","83.335","","0.10%"
"12/07/2023","83.343","83.337","83.398","83.311","","0.01%"
"12/06/2023","83.332","83.325","83.381","83.286","","0.01%"
"12/05/2023","83.320","83.431","83.439","83.317","","-0.13%"
"12/04/2023","83.426","83.217","83.461","83.215","","0.20%"
"12/01/2023","83.260","83.356","83.375","83.240","","-0.12%"
"11/30/2023","83.357","83.359","83.419","83.290","","0.01%"
"11/29/2023","83.352","83.292","83.383","83.260","","0.01%"
"11/28/2023","83.340","83.358","83.399","83.292","","0.01%"
"11/27/2023","83.330","83.324","83.433","83.309","","-0.01%"
"11/24/2023","83.340","83.350","83.413","83.332","","0.04%"
"11/23/2023","83.305","83.276","83.368","83.265","","0.02%"
"11/22/2023","83.287","83.313","83.359","83.255","","-0.03%"
"11/21/2023","83.308","83.321","83.380","83.228","","-0.01%"
"11/20/2023","83.317","83.265","83.424","83.230","","0.09%"
"11/17/2023","83.244","83.161","83.303","83.161","","0.11%"
"11/16/2023","83.152","83.186","83.273","83.153","","-0.04%"
"11/15/2023","83.188","82.980","83.213","82.962","","0.26%"
"11/14/2023","82.973","83.209","83.278","82.906","","-0.25%"
"11/13/2023","83.180","83.309","83.343","83.201","","-0.15%"
"11/10/2023","83.309","83.302","83.499","83.224","","-0.01%"
"11/09/2023","83.315","83.232","83.341","83.216","","0.12%"
"11/08/2023","83.213","83.234","83.310","83.208","","-0.02%"
"11/07/2023","83.230","83.221","83.287","83.210","","0.01%"
"11/06/2023","83.218","83.107","83.263","83.085","","0.09%"
"11/03/2023","83.140","83.247","83.311","83.134","","-0.11%"
"11/02/2023","83.234","83.240","83.281","83.174","","0.00%"
"11/01/2023","83.237","83.278","83.337","83.225","","-0.02%"
"10/31/2023","83.256","83.260","83.293","83.221","","0.01%"
"10/30/2023","83.250","83.280","83.305","83.212","","-0.02%"
"10/27/2023","83.265","83.272","83.301","83.190","","0.03%"
"10/26/2023","83.243","83.163","83.269","83.131","","0.12%"
"10/25/2023","83.140","83.022","83.205","83.008","","0.16%"
"10/24/2023","83.010","83.031","83.102","82.956","","-0.07%"
"10/23/2023","83.071","83.160","83.206","83.085","","-0.10%"
"10/20/2023","83.150","83.150","83.216","83.012","","0.06%"
"10/19/2023","83.097","83.284","83.306","83.082","","-0.23%"
"10/18/2023","83.290","83.255","83.310","83.211","","0.06%"
"10/17/2023","83.240","83.215","83.289","83.186","","0.06%"
"10/16/2023","83.190","83.264","83.296","83.183","","-0.08%"
"10/13/2023","83.255","83.250","83.297","83.211","","-0.04%"
"10/12/2023","83.290","83.175","83.302","83.125","","0.16%"
"10/11/2023","83.160","83.217","83.246","83.116","","0.00%"
"10/10/2023","83.162","83.266","83.282","83.170","","-0.11%"
"10/09/2023","83.254","83.187","83.348","83.162","","0.16%"
"10/06/2023","83.118","83.218","83.303","83.121","","-0.10%"
"10/05/2023","83.200","83.214","83.305","83.178","","-0.06%"
"10/04/2023","83.250","83.235","83.346","83.173","","0.04%"
"10/03/2023","83.214","83.233","83.271","83.127","","0.05%"
"10/02/2023","83.174","83.165","83.234","83.123","","0.17%"
"09/29/2023","83.030","83.209","83.209","83.012","","-0.14%"
"09/28/2023","83.150","83.237","83.273","83.111","","-0.04%"
"09/27/2023","83.181","83.297","83.312","83.153","","-0.06%"
"09/26/2023","83.230","83.122","83.309","83.099","","0.12%"
"09/25/2023","83.130","83.057","83.179","83.029","","0.19%"
"09/22/2023","82.970","82.876","82.993","82.769","","-0.16%"
"09/21/2023","83.102","83.193","83.222","83.005","","0.22%"
"09/20/2023","82.920","83.261","83.297","82.924","","-0.47%"
"09/19/2023","83.310","83.250","83.344","83.170","","0.05%"
"09/18/2023","83.270","83.106","83.360","83.085","","0.24%"
"09/15/2023","83.069","83.063","83.202","82.981","","0.07%"
"09/14/2023","83.010","82.915","83.101","82.913","","0.09%"
"09/13/2023","82.934","82.873","83.039","82.855","","0.10%"
"09/12/2023","82.850","82.905","83.015","82.853","","-0.06%"
"09/11/2023","82.900","82.955","83.068","82.815","","-0.13%"
"09/08/2023","83.004","83.133","83.184","82.902","","-0.18%"
"09/07/2023","83.150","83.220","83.271","83.076","","-0.06%"
"09/06/2023","83.197","83.075","83.258","82.986","","0.20%"
"09/05/2023","83.033","82.753","83.097","82.712","","0.38%"
"09/04/2023","82.715","82.670","82.785","82.650","","0.03%"
"09/01/2023","82.689","82.647","82.784","82.576","","-0.02%"
"08/31/2023","82.702","82.678","82.799","82.582","","0.11%"
"08/30/2023","82.607","82.593","82.819","82.568","","0.04%"
"08/29/2023","82.574","82.646","82.842","82.576","","-0.03%"
"08/28/2023","82.600","82.585","82.662","82.527","","-0.04%"
"08/25/2023","82.637","82.605","82.740","82.532","","0.07%"
"08/24/2023","82.580","82.579","82.646","82.359","","0.09%"
"08/23/2023","82.508","83.082","83.090","82.449","","-0.64%"
"08/22/2023","83.040","83.113","83.122","82.909","","-0.06%"
"08/21/2023","83.090","83.193","83.217","83.021","","-0.06%"
"08/18/2023","83.140","83.086","83.221","83.018","","0.01%"
"08/17/2023","83.130","83.222","83.268","82.989","","-0.10%"
"08/16/2023","83.209","83.240","83.443","83.085","","0.00%"
"08/15/2023","83.212","83.185","83.467","83.170","","0.05%"
"08/14/2023","83.170","82.895","83.301","82.895","","0.36%"
"08/11/2023","82.870","82.789","82.911","82.725","","0.31%"
"08/10/2023","82.616","82.840","82.861","82.590","","-0.28%"
"08/09/2023","82.844","82.878","82.880","82.783","","-0.01%"
"08/08/2023","82.853","82.760","82.984","82.748","","0.12%"
"08/07/2023","82.750","82.741","82.785","82.678","","0.10%"
"08/04/2023","82.668","82.740","82.893","82.674","","-0.10%"
"08/03/2023","82.750","82.719","82.826","82.665","","0.02%"
"08/02/2023","82.730","82.352","82.811","82.321","","0.47%"
"08/01/2023","82.340","82.240","82.357","82.222","","0.12%"
"07/31/2023","82.240","82.227","82.313","82.205","","0.02%"
"07/28/2023","82.225","82.155","82.354","82.155","","0.09%"
"07/27/2023","82.150","81.938","82.248","81.880","","0.24%"
"07/26/2023","81.950","81.899","82.078","81.863","","0.12%"
"07/25/2023","81.850","81.815","81.918","81.666","","0.07%"
"07/24/2023","81.790","82.035","82.052","81.786","","-0.23%"
"07/21/2023","81.980","82.084","82.091","81.928","","-0.11%"
"07/20/2023","82.070","82.064","82.087","81.908","","0.02%"
"07/19/2023","82.050","82.087","82.166","82.024","","-0.01%"
"07/18/2023","82.060","82.062","82.114","81.961","","0.02%"
"07/17/2023","82.040","82.127","82.209","81.988","","-0.01%"
"07/14/2023","82.049","82.010","82.203","81.926","","0.01%"
"07/13/2023","82.040","82.001","82.146","81.948","","0.07%"
"07/12/2023","81.980","82.405","82.421","81.962","","-0.50%"
"07/11/2023","82.390","82.550","82.563","82.324","","-0.16%"
"07/10/2023","82.520","82.665","82.689","82.520","","-0.11%"
"07/07/2023","82.610","82.766","82.778","82.545","","-0.18%"
"07/06/2023","82.758","82.398","82.821","82.297","","0.44%"
"07/05/2023","82.397","82.047","82.413","81.994","","0.55%"
"07/04/2023","81.946","81.975","82.045","81.868","","0.01%"
"07/03/2023","81.940","82.061","82.072","81.753","","-0.18%"
"06/30/2023","82.091","82.090","82.135","81.997","","-0.01%"
"06/29/2023","82.100","82.037","82.134","81.997","","0.10%"
"06/28/2023","82.020","81.991","82.099","81.966","","0.05%"
"06/27/2023","81.983","82.030","82.050","81.934","","0.02%"
"06/26/2023","81.970","81.971","82.086","81.935","","-0.01%"
"06/23/2023","81.980","81.927","82.089","81.926","","0.04%"
"06/22/2023","81.950","81.961","82.017","81.878","","0.02%"
"06/21/2023","81.930","81.992","82.135","81.940","","-0.09%"
"06/20/2023","82.000","81.915","82.173","81.915","","0.11%"
"06/19/2023","81.910","81.976","82.011","81.879","","0.00%"
"06/16/2023","81.910","81.913","82.030","81.841","","0.01%"
"06/15/2023","81.900","82.045","82.279","81.905","","-0.06%"
"06/14/2023","81.950","82.242","82.335","81.897","","-0.34%"
"06/13/2023","82.229","82.401","82.473","82.152","","-0.20%"
"06/12/2023","82.390","82.463","82.504","82.400","","-0.06%"
"06/09/2023","82.440","82.515","82.525","82.404","","-0.06%"
"06/08/2023","82.488","82.628","82.628","82.475","","-0.01%"
"06/07/2023","82.500","82.510","82.587","82.454","","-0.01%"
"06/06/2023","82.510","82.511","82.663","82.483","","-0.01%"
"06/05/2023","82.520","82.456","82.697","82.398","","0.15%"
"06/02/2023","82.398","82.277","82.447","82.262","","0.16%"
"06/01/2023","82.266","82.666","82.668","82.268","","-0.50%"
"05/31/2023","82.680","82.648","82.777","82.620","","0.02%"
"05/30/2023","82.665","82.557","82.794","82.548","","0.10%"
"05/29/2023","82.586","82.591","82.682","82.511","","0.02%"
"05/26/2023","82.570","82.745","82.748","82.542","","-0.20%"
"05/25/2023","82.733","82.680","82.821","82.666","","0.08%"
"05/24/2023","82.670","82.880","82.897","82.570","","-0.19%"
"05/23/2023","82.830","82.835","82.890","82.749","","-0.01%"
"05/22/2023","82.840","82.809","82.903","82.725","","-0.05%"
"05/19/2023","82.878","82.767","82.953","82.623","","0.19%"
"05/18/2023","82.720","82.453","82.797","82.348","","0.39%"
"05/17/2023","82.400","82.272","82.460","82.260","","0.17%"
"05/16/2023","82.264","82.239","82.317","82.160","","0.03%"
"05/15/2023","82.237","82.244","82.388","82.182","","0.08%"
"05/12/2023","82.173","82.120","82.244","82.095","","0.10%"
"05/11/2023","82.090","81.926","82.195","81.901","","0.23%"
"05/10/2023","81.900","82.105","82.114","81.875","","-0.24%"
"05/09/2023","82.100","81.787","82.162","81.771","","0.40%"
"05/08/2023","81.770","81.711","81.836","81.659","","0.09%"
"05/05/2023","81.700","81.718","81.827","81.652","","-0.01%"
"05/04/2023","81.710","81.762","81.829","81.652","","-0.06%"
"05/03/2023","81.755","81.788","81.872","81.670","","0.01%"
"05/02/2023","81.750","81.795","81.961","81.715","","-0.02%"
"05/01/2023","81.770","81.795","81.814","81.715","","0.06%"
"04/28/2023","81.720","81.720","81.870","81.706","","0.03%"
"04/27/2023","81.695","81.732","81.864","81.594","","-0.06%"
"04/26/2023","81.740","82.004","82.026","81.679","","-0.27%"
"04/25/2023","81.965","81.871","82.043","81.852","","0.02%"
"04/24/2023","81.950","82.095","82.115","81.865","","-0.10%"
"04/21/2023","82.030","82.140","82.220","82.008","","-0.11%"
"04/20/2023","82.120","82.308","82.355","82.050","","-0.18%"
"04/19/2023","82.265","82.098","82.288","82.057","","0.23%"
"04/18/2023","82.080","81.995","82.115","81.948","","0.12%"
"04/17/2023","81.980","81.915","82.096","81.859","","0.20%"
"04/14/2023","81.820","81.701","81.930","81.547","","0.21%"
"04/13/2023","81.650","82.008","82.027","81.628","","-0.34%"
"04/12/2023","81.930","82.088","82.126","81.930","","-0.13%"
"04/11/2023","82.040","81.966","82.160","81.927","","0.09%"
"04/10/2023","81.965","81.844","82.045","81.761","","0.13%"
"04/07/2023","81.860","81.832","81.910","81.790","","0.05%"
"04/06/2023","81.820","81.953","82.059","81.810","","-0.12%"
"04/05/2023","81.920","82.123","82.217","81.843","","-0.21%"
"04/04/2023","82.090","82.219","82.279","82.077","","-0.12%"
"04/03/2023","82.190","82.391","82.484","82.190","","0.04%"
"03/31/2023","82.160","82.088","82.282","82.044","","0.10%"
"03/30/2023","82.080","82.238","82.286","82.030","","-0.12%"
"03/29/2023","82.178","82.164","82.390","82.164","","0.01%"
"03/28/2023","82.172","82.195","82.290","82.113","","-0.01%"
"03/27/2023","82.180","82.374","82.441","82.200","","-0.19%"
"03/24/2023","82.334","82.265","82.524","82.195","","0.12%"
"03/23/2023","82.236","82.524","82.542","82.053","","-0.33%"
"03/22/2023","82.505","82.677","82.742","82.395","","-0.21%"
"03/21/2023","82.677","82.516","82.733","82.516","","0.20%"
"03/20/2023","82.510","82.495","82.727","82.452","","-0.01%"
"03/17/2023","82.520","82.615","82.701","82.419","","-0.12%"
"03/16/2023","82.620","82.773","82.851","82.592","","-0.31%"
"03/15/2023","82.880","82.280","82.920","82.211","","0.77%"
"03/14/2023","82.245","82.299","82.579","82.235","","0.01%"
"03/13/2023","82.235","81.677","82.312","81.677","","0.34%"
"03/10/2023","81.960","82.037","82.210","81.843","","-0.07%"
"03/09/2023","82.020","81.967","82.088","81.763","","0.09%"
"03/08/2023","81.950","82.037","82.298","81.859","","-0.06%"
"03/07/2023","82.000","81.852","82.025","81.725","","0.23%"
"03/06/2023","81.810","81.778","81.973","81.610","","0.16%"
"03/03/2023","81.680","82.348","82.407","81.685","","-0.81%"
"03/02/2023","82.350","82.425","82.628","82.355","","-0.10%"
"03/01/2023","82.430","82.588","82.634","82.365","","-0.25%"
"02/28/2023","82.640","82.690","82.761","82.554","","0.00%"
"02/27/2023","82.642","82.871","82.951","82.627","","-0.31%"
"02/24/2023","82.897","82.643","83.026","82.628","","0.37%"
"02/23/2023","82.590","82.799","82.835","82.562","","-0.29%"
"02/22/2023","82.830","82.844","82.937","82.776","","-0.02%"
"02/21/2023","82.844","82.691","82.892","82.680","","0.18%"
"02/20/2023","82.693","82.720","82.763","82.604","","-0.07%"
"02/17/2023","82.750","82.703","82.872","82.703","","0.05%"
"02/16/2023","82.710","82.719","82.845","82.590","","-0.05%"
"02/15/2023","82.750","82.842","82.972","82.765","","-0.19%"
"02/14/2023","82.910","82.597","83.047","82.565","","0.39%"
"02/13/2023","82.592","82.582","82.788","82.577","","0.10%"
"02/10/2023","82.510","82.535","82.644","82.330","","0.00%"
"02/09/2023","82.511","82.656","82.679","82.402","","-0.17%"
"02/08/2023","82.650","82.734","82.761","82.472","","-0.25%"
"02/07/2023","82.860","82.755","82.906","82.618","","0.15%"
"02/06/2023","82.740","82.388","82.850","82.316","","0.65%"
"02/03/2023","82.206","82.044","82.326","81.745","","0.20%"
"02/02/2023","82.039","81.698","82.272","81.685","","0.38%"
"02/01/2023","81.730","81.765","82.041","81.676","","-0.01%"
"01/31/2023","81.739","81.599","82.079","81.550","","0.27%"
"01/30/2023","81.520","81.548","81.725","81.461","","0.01%"
"01/27/2023","81.510","81.509","81.679","81.473","","0.11%"
"01/26/2023","81.418","81.531","81.578","81.355","","-0.09%"
"01/25/2023","81.491","81.602","81.780","81.477","","-0.13%"
"01/24/2023","81.594","81.488","81.770","81.410","","0.14%"
"01/23/2023","81.478","80.933","81.509","80.874","","0.62%"
"01/20/2023","80.979","81.281","81.310","80.973","","-0.32%"
"01/19/2023","81.240","81.440","81.455","81.207","","-0.25%"
"01/18/2023","81.440","81.675","81.829","81.163","","-0.23%"
"01/17/2023","81.630","81.710","81.889","81.547","","0.00%"
"01/16/2023","81.628","81.227","81.749","81.197","","0.43%"
"01/13/2023","81.280","81.115","81.522","81.115","","0.22%"
"01/12/2023","81.100","81.657","81.754","81.110","","-0.66%"
"01/11/2023","81.637","81.625","81.830","81.496","","0.04%"
"01/10/2023","81.602","82.185","82.317","81.604","","-0.69%"
"01/09/2023","82.170","82.234","82.454","82.095","","-0.12%"
"01/06/2023","82.270","82.604","82.785","82.275","","-0.36%"
"01/05/2023","82.568","82.740","82.808","82.426","","-0.09%"
"01/04/2023","82.641","82.779","82.919","82.667","","-0.16%"
"01/03/2023","82.774","82.698","83.038","82.654","","0.04%"
"01/02/2023","82.745","82.670","82.800","82.560","","0.03%"
"12/30/2022","82.717","82.787","82.829","82.539","","-0.05%"
"12/29/2022","82.758","82.847","82.901","82.754","","0.03%"
"12/28/2022","82.736","82.840","82.930","82.747","","-0.11%"
"12/27/2022","82.830","82.675","82.909","82.655","","0.22%"
"12/26/2022","82.650","82.775","82.847","82.627","","-0.16%"
"12/23/2022","82.780","82.880","82.902","82.742","","-0.22%"
"12/22/2022","82.960","82.825","82.989","82.643","","0.10%"
"12/21/2022","82.880","82.730","82.933","82.654","","0.34%"
"12/20/2022","82.600","82.582","82.885","82.564","","-0.06%"
"12/19/2022","82.649","82.775","82.832","82.565","","-0.07%"
"12/16/2022","82.706","82.865","82.897","82.626","","-0.17%"
"12/15/2022","82.843","82.537","82.993","82.415","","0.45%"
"12/14/2022","82.474","82.610","82.715","82.402","","0.12%"
"12/13/2022","82.375","82.662","82.922","82.373","","-0.31%"
"12/12/2022","82.634","82.434","82.745","82.423","","0.27%"
"12/09/2022","82.410","82.244","82.509","82.086","","0.16%"
"12/08/2022","82.280","82.267","82.477","82.253","","0.09%"
"12/07/2022","82.204","82.422","82.783","82.188","","-0.33%"
"12/06/2022","82.480","81.904","82.643","81.897","","0.72%"
"12/05/2022","81.890","81.255","81.910","81.195","","0.59%"
"12/02/2022","81.410","81.165","81.527","81.082","","0.36%"
"12/01/2022","81.120","81.151","81.336","80.985","","-0.29%"
"11/30/2022","81.359","81.645","81.650","81.271","","-0.31%"
"11/29/2022","81.616","81.549","81.758","81.541","","-0.03%"
"11/28/2022","81.640","81.814","81.846","81.518","","-0.06%"
"11/25/2022","81.685","81.671","81.754","81.432","","0.09%"
"11/24/2022","81.613","81.633","81.777","81.588","","0.01%"
"11/23/2022","81.604","81.719","81.934","81.628","","-0.13%"
"11/22/2022","81.714","81.728","81.830","81.580","","0.02%"
"11/21/2022","81.699","81.672","81.927","81.579","","0.10%"
"11/18/2022","81.617","81.530","81.800","81.505","","0.13%"
"11/17/2022","81.510","81.453","81.854","81.422","","0.04%"
"11/16/2022","81.480","81.105","81.574","81.105","","0.52%"
"11/15/2022","81.061","80.992","81.449","80.703","","0.12%"
"11/14/2022","80.965","80.525","81.299","80.510","","0.61%"
"11/11/2022","80.477","80.565","80.996","80.483","","-0.19%"
"11/10/2022","80.630","81.444","81.930","80.632","","-0.87%"
"11/09/2022","81.335","81.340","81.628","81.210","","-0.04%"
"11/08/2022","81.370","81.832","82.034","81.241","","-0.53%"
"11/07/2022","81.804","82.075","82.324","81.809","","-0.19%"
"11/04/2022","81.962","82.690","82.740","81.970","","-0.93%"
"11/03/2022","82.731","82.894","82.996","82.693","","0.02%"
"11/02/2022","82.712","82.682","82.818","82.609","","0.08%"
"11/01/2022","82.650","82.817","82.826","82.494","","-0.14%"
"10/31/2022","82.770","82.386","82.877","82.316","","0.62%"
"10/28/2022","82.261","82.364","82.518","82.269","","-0.13%"
"10/27/2022","82.368","82.031","82.574","82.017","","0.57%"
"10/26/2022","81.901","82.445","82.539","81.961","","-0.74%"
"10/25/2022","82.515","82.755","82.859","82.413","","-0.28%"
"10/24/2022","82.744","82.603","82.884","82.572","","0.26%"
"10/21/2022","82.529","82.836","83.104","82.539","","-0.35%"
"10/20/2022","82.820","82.991","83.268","82.526","","-0.23%"
"10/19/2022","83.013","82.271","83.101","82.260","","0.88%"
"10/18/2022","82.291","82.134","82.381","81.998","","0.15%"
"10/17/2022","82.171","82.400","82.418","82.081","","-0.21%"
"10/14/2022","82.340","82.182","82.423","82.101","","0.20%"
"10/13/2022","82.172","82.179","82.660","82.100","","0.02%"
"10/12/2022","82.159","82.238","82.365","82.151","","-0.12%"
"10/11/2022","82.256","82.397","82.497","82.084","","-0.14%"
"10/10/2022","82.370","82.680","82.695","82.236","","-0.54%"
"10/07/2022","82.820","82.264","82.820","82.089","","0.93%"
"10/06/2022","82.060","81.515","82.298","81.460","","0.53%"
"10/05/2022","81.631","81.454","81.711","81.303","","0.22%"
"10/04/2022","81.451","81.490","81.680","81.265","","-0.05%"
"10/03/2022","81.494","81.504","81.923","81.480","","-0.02%"
"09/30/2022","81.509","81.473","81.710","81.142","","0.06%"
"09/29/2022","81.461","81.565","81.943","81.456","","0.07%"
"09/28/2022","81.406","81.850","82.005","81.338","","-0.37%"
"09/27/2022","81.705","81.352","81.772","81.277","","0.12%"
"09/26/2022","81.610","81.310","81.704","81.310","","0.44%"
"09/23/2022","81.250","81.025","81.266","80.760","","0.25%"
"09/22/2022","81.047","80.206","81.130","80.177","","1.43%"
"09/21/2022","79.907","79.760","80.056","79.730","","0.20%"
"09/20/2022","79.751","79.650","79.771","79.575","","0.07%"
"09/19/2022","79.693","79.686","79.818","79.569","","0.01%"
"09/16/2022","79.686","79.832","79.858","79.566","","-0.19%"
"09/15/2022","79.839","79.490","79.846","79.428","","0.51%"
"09/14/2022","79.431","79.566","79.620","79.349","","-0.18%"
"09/13/2022","79.577","79.375","79.607","78.998","","0.29%"
"09/12/2022","79.350","79.648","79.720","79.273","","-0.36%"
"09/09/2022","79.635","79.656","79.665","79.434","","-0.04%"
"09/08/2022","79.667","79.635","79.835","79.626","","0.05%"
"09/07/2022","79.630","79.908","79.974","79.594","","-0.30%"
"09/06/2022","79.870","79.803","79.916","79.735","","0.11%"
"09/05/2022","79.783","79.925","79.927","79.752","","0.08%"
"09/02/2022","79.717","79.710","79.914","79.604","","0.06%"
"09/01/2022","79.673","79.535","79.740","79.281","","0.23%"
"08/31/2022","79.491","79.707","79.717","79.415","","-0.22%"
"08/30/2022","79.665","79.968","79.985","79.417","","-0.36%"
"08/29/2022","79.954","79.989","80.135","79.892","","-0.01%"
"08/26/2022","79.961","79.883","79.983","79.709","","0.12%"
"08/25/2022","79.862","79.811","80.006","79.749","","0.10%"
"08/24/2022","79.780","79.875","79.900","79.691","","-0.08%"
"08/23/2022","79.847","79.875","79.919","79.682","","0.00%"
"08/22/2022","79.850","79.905","79.930","79.769","","-0.09%"
"08/19/2022","79.920","79.775","79.943","79.698","","0.21%"
"08/18/2022","79.750","79.405","79.765","79.372","","0.50%"
"08/17/2022","79.350","79.166","79.514","79.155","","0.13%"
"08/16/2022","79.248","79.550","79.605","79.250","","-0.34%"
"08/15/2022","79.518","79.654","79.658","79.459","","-0.15%"
"08/12/2022","79.641","79.610","79.759","79.590","","0.08%"
"08/11/2022","79.580","79.066","79.695","79.066","","0.62%"
"08/10/2022","79.090","79.560","79.613","79.018","","-0.59%"
"08/09/2022","79.563","79.582","79.661","79.497","","-0.03%"
"08/08/2022","79.584","79.425","79.689","79.420","","0.28%"
"08/05/2022","79.360","79.160","79.494","78.918","","0.25%"
"08/04/2022","79.160","79.096","79.840","79.048","","0.07%"
"08/03/2022","79.108","78.627","79.243","78.574","","0.66%"
"08/02/2022","78.587","78.961","79.002","78.393","","-0.47%"
"08/01/2022","78.959","79.185","79.241","78.894","","-0.48%"
"07/29/2022","79.336","79.604","79.604","79.168","","-0.36%"
"07/28/2022","79.626","79.763","79.855","79.586","","-0.27%"
"07/27/2022","79.845","79.823","79.995","79.774","","0.00%"
"07/26/2022","79.843","79.735","79.884","79.692","","0.19%"
"07/25/2022","79.691","79.784","79.885","79.678","","-0.17%"
"07/22/2022","79.830","79.883","79.938","79.803","","-0.03%"
"07/21/2022","79.850","80.026","80.067","79.760","","-0.16%"
"07/20/2022","79.980","79.907","80.067","79.878","","0.16%"
"07/19/2022","79.850","79.989","80.072","79.857","","-0.18%"
"07/18/2022","79.990","79.817","80.020","79.703","","0.29%"
"07/15/2022","79.760","79.867","79.979","79.715","","-0.16%"
"07/14/2022","79.890","79.708","80.235","79.666","","0.30%"
"07/13/2022","79.650","79.490","79.870","79.475","","0.25%"
"07/12/2022","79.450","79.466","79.666","79.459","","0.05%"
"07/11/2022","79.410","79.255","79.585","79.255","","0.19%"
"07/08/2022","79.260","79.180","79.435","79.128","","0.11%"
"07/07/2022","79.175","79.046","79.278","78.905","","0.16%"
"07/06/2022","79.047","79.186","79.398","78.922","","-0.32%"
"07/05/2022","79.298","78.964","79.428","78.956","","0.45%"
"07/04/2022","78.939","78.984","79.088","78.871","","-0.02%"
"07/01/2022","78.956","78.983","79.159","78.818","","-0.01%"
"06/30/2022","78.965","78.900","79.095","78.867","","0.03%"
"06/29/2022","78.945","79.004","79.075","78.856","","-0.06%"
"06/28/2022","78.995","78.445","79.047","78.438","","0.71%"
"06/27/2022","78.440","78.283","78.571","78.196","","0.24%"
"06/24/2022","78.255","78.182","78.375","78.120","","0.14%"
"06/23/2022","78.145","78.220","78.377","78.112","","-0.04%"
"06/22/2022","78.180","78.150","78.410","78.121","","0.06%"
"06/21/2022","78.133","77.937","78.143","77.935","","0.26%"
"06/20/2022","77.927","78.002","78.058","77.879","","-0.03%"
"06/17/2022","77.952","77.993","78.112","77.941","","-0.03%"
"06/16/2022","77.977","78.036","78.123","77.917","","-0.25%"
"06/15/2022","78.171","78.030","78.227","77.977","","0.19%"
"06/14/2022","78.022","78.128","78.128","77.953","","-0.10%"
"06/13/2022","78.104","78.185","78.323","77.963","","-0.05%"
"06/10/2022","78.144","77.804","78.208","77.778","","0.42%"
"06/09/2022","77.815","77.707","77.874","77.690","","0.14%"
"06/08/2022","77.709","77.700","77.811","77.598","","0.06%"
"06/07/2022","77.664","77.784","77.847","77.620","","-0.19%"
"06/06/2022","77.814","77.678","77.854","77.554","","0.26%"
"06/03/2022","77.615","77.423","77.680","77.393","","0.28%"
"06/02/2022","77.399","77.562","77.654","77.377","","-0.21%"
"06/01/2022","77.560","77.627","77.655","77.431","","-0.05%"
"05/31/2022","77.598","77.553","77.752","77.553","","0.06%"
"05/30/2022","77.554","77.595","77.595","77.487","","-0.09%"
"05/27/2022","77.624","77.640","77.703","77.533","","-0.02%"
"05/26/2022","77.636","77.504","77.716","77.504","","0.14%"
"05/25/2022","77.531","77.496","77.641","77.459","","0.07%"
"05/24/2022","77.475","77.528","77.690","77.463","","-0.09%"
"05/23/2022","77.545","77.678","77.738","77.445","","-0.41%"
"05/20/2022","77.865","77.432","77.891","77.432","","0.58%"
"05/19/2022","77.415","77.825","77.825","77.378","","-0.51%"
"05/18/2022","77.810","77.455","77.810","77.455","","0.43%"
"05/17/2022","77.476","77.822","77.822","77.375","","-0.46%"
"05/16/2022","77.833","77.512","77.911","77.512","","0.46%"
"05/13/2022","77.480","77.440","77.548","77.243","","0.06%"
"05/12/2022","77.435","77.418","77.645","77.294","","0.01%"
"05/11/2022","77.425","77.254","77.502","77.155","","0.26%"
"05/10/2022","77.225","77.374","77.472","77.114","","-0.18%"
"05/09/2022","77.365","76.987","77.535","76.987","","0.50%"
"05/06/2022","76.979","76.518","77.079","76.518","","0.61%"
"05/05/2022","76.514","76.149","76.578","76.007","","0.30%"
"05/04/2022","76.282","76.474","76.603","76.206","","-0.25%"
"05/03/2022","76.470","76.490","76.675","76.450","","-0.02%"
"05/02/2022","76.485","76.515","76.530","76.327","","-0.07%"
"04/29/2022","76.535","76.617","76.704","76.264","","-0.18%"
"04/28/2022","76.670","76.521","76.720","76.407","","0.05%"
"04/27/2022","76.632","76.773","76.816","76.498","","-0.06%"
"04/26/2022","76.680","76.546","76.705","76.451","","-0.09%"
"04/25/2022","76.748","76.556","76.800","76.552","","0.36%"
"04/22/2022","76.475","76.283","76.533","76.205","","0.28%"
"04/21/2022","76.262","76.282","76.390","76.080","","-0.01%"
"04/20/2022","76.269","76.475","76.548","76.156","","-0.23%"
"04/19/2022","76.445","76.285","76.560","76.253","","0.21%"
"04/18/2022","76.284","76.308","76.453","76.222","","-0.06%"
"04/15/2022","76.332","76.306","76.365","76.286","","0.05%"
"04/14/2022","76.292","76.145","76.296","76.081","","0.22%"
"04/13/2022","76.122","76.155","76.286","76.044","","0.05%"
"04/12/2022","76.082","75.938","76.196","75.938","","0.32%"
"04/11/2022","75.836","75.966","76.111","75.805","","-0.16%"
"04/08/2022","75.960","75.932","76.061","75.722","","0.06%"
"04/07/2022","75.913","75.962","76.050","75.776","","-0.04%"
"04/06/2022","75.947","75.424","76.074","75.424","","0.64%"
"04/05/2022","75.465","75.434","75.572","75.260","","0.02%"
"04/04/2022","75.451","75.922","75.951","75.354","","-0.72%"
"04/01/2022","75.995","75.918","76.021","75.863","","0.09%"
"03/31/2022","75.928","75.845","75.968","75.651","","0.14%"
"03/30/2022","75.823","75.668","75.984","75.615","","0.21%"
"03/29/2022","75.666","76.005","76.176","75.565","","-0.56%"
"03/28/2022","76.090","76.320","76.390","76.022","","-0.26%"
"03/25/2022","76.285","76.222","76.299","76.125","","-0.03%"
"03/24/2022","76.305","76.510","76.510","76.166","","-0.29%"
"03/23/2022","76.530","76.104","76.530","75.982","","0.49%"
"03/22/2022","76.159","76.308","76.520","75.996","","-0.17%"
"03/21/2022","76.285","76.034","76.285","76.005","","0.29%"
"03/18/2022","76.065","76.065","76.210","76.017","","0.17%"
"03/17/2022","75.937","76.054","76.090","75.755","","-0.35%"
"03/16/2022","76.200","76.271","76.482","76.108","","-0.29%"
"03/15/2022","76.420","76.470","76.690","76.302","","-0.04%"
"03/14/2022","76.450","76.654","76.720","76.440","","-0.08%"
"03/11/2022","76.511","76.371","76.737","76.272","","0.26%"
"03/10/2022","76.310","76.271","76.497","76.071","","-0.09%"
"03/09/2022","76.382","76.928","77.014","76.317","","-0.68%"
"03/08/2022","76.905","76.996","77.174","76.725","","-0.09%"
"03/07/2022","76.975","76.665","77.160","76.665","","0.72%"
"03/04/2022","76.425","75.945","76.438","75.944","","0.60%"
"03/03/2022","75.971","75.660","76.020","75.627","","0.44%"
"03/02/2022","75.638","75.928","75.947","75.590","","-0.19%"
"03/01/2022","75.782","75.289","75.817","75.284","","0.35%"
"02/28/2022","75.520","75.767","75.808","75.285","","0.59%"
"02/25/2022","75.075","75.415","75.475","75.075","","-0.71%"
"02/24/2022","75.615","74.679","75.835","74.643","","1.31%"
"02/23/2022","74.640","74.630","74.735","74.531","","0.01%"
"02/22/2022","74.630","74.692","74.999","74.602","","0.14%"
"02/21/2022","74.524","74.596","74.742","74.355","","-0.22%"
"02/18/2022","74.687","75.070","75.109","74.469","","-0.56%"
"02/17/2022","75.105","74.973","75.233","74.945","","0.07%"
"02/16/2022","75.050","75.198","75.319","74.955","","-0.17%"
"02/15/2022","75.177","75.630","75.749","75.162","","-0.67%"
"02/14/2022","75.686","75.571","75.712","75.377","","0.45%"
"02/11/2022","75.348","75.315","75.530","75.172","","0.33%"
"02/10/2022","75.102","74.815","75.288","74.806","","0.39%"
"02/09/2022","74.808","74.720","74.890","74.655","","0.12%"
"02/08/2022","74.719","74.639","74.823","74.599","","0.09%"
"02/07/2022","74.655","74.697","74.832","74.625","","0.01%"
"02/04/2022","74.645","74.644","74.843","74.601","","0.00%"
"02/03/2022","74.644","74.851","74.941","74.621","","-0.24%"
"02/02/2022","74.823","74.751","75.047","74.685","","0.10%"
"02/01/2022","74.751","74.561","74.902","74.432","","0.26%"
"01/31/2022","74.556","75.035","75.077","74.556","","-0.65%"
"01/28/2022","75.046","75.203","75.224","74.881","","-0.22%"
"01/27/2022","75.209","75.139","75.329","75.054","","0.41%"
"01/26/2022","74.903","74.798","74.979","74.720","","0.16%"
"01/25/2022","74.787","74.657","74.819","74.567","","0.19%"
"01/24/2022","74.642","74.373","74.757","74.307","","0.31%"
"01/21/2022","74.409","74.483","74.593","74.279","","-0.08%"
"01/20/2022","74.468","74.420","74.552","74.311","","0.02%"
"01/19/2022","74.455","74.567","74.747","74.375","","-0.15%"
"01/18/2022","74.565","74.243","74.618","74.213","","0.42%"
"01/17/2022","74.255","74.182","74.377","74.137","","0.13%"
"01/14/2022","74.156","73.929","74.213","73.916","","0.25%"
"01/13/2022","73.972","73.773","73.993","73.773","","0.24%"
"01/12/2022","73.797","73.797","74.072","73.762","","-0.03%"
"01/11/2022","73.817","74.047","74.056","73.767","","-0.28%"
"01/10/2022","74.025","74.215","74.235","73.996","","-0.34%"
"01/07/2022","74.278","74.434","74.434","74.246","","-0.14%"
"01/06/2022","74.385","74.432","74.520","74.326","","0.13%"
"01/05/2022","74.285","74.535","74.600","74.254","","-0.33%"
"01/04/2022","74.530","74.389","74.732","74.389","","0.17%"
"01/03/2022","74.400","74.484","74.502","74.266","","-0.12%"
"12/31/2021","74.486","74.422","74.532","74.106","","0.10%"
"12/30/2021","74.415","74.495","74.670","74.284","","-0.21%"
"12/29/2021","74.570","74.750","74.865","74.568","","-0.19%"
"12/28/2021","74.715","74.939","75.000","74.599","","-0.35%"
"12/27/2021","74.980","75.019","75.190","74.959","","-0.03%"
"12/24/2021","75.004","75.059","75.228","74.998","","-0.04%"
"12/23/2021","75.035","75.503","75.505","75.035","","-0.56%"
"12/22/2021","75.460","75.685","75.685","75.449","","-0.32%"
"12/21/2021","75.705","75.795","75.800","75.404","","-0.03%"
"12/20/2021","75.730","76.030","76.188","75.730","","-0.37%"
"12/17/2021","76.013","76.208","76.309","75.951","","-0.22%"
"12/16/2021","76.184","76.179","76.343","76.086","","-0.22%"
"12/15/2021","76.355","76.097","76.423","76.035","","0.41%"
"12/14/2021","76.045","75.775","76.045","75.752","","0.36%"
"12/13/2021","75.770","75.680","75.818","75.575","","0.07%"
"12/10/2021","75.718","75.633","75.885","75.585","","0.16%"
"12/09/2021","75.599","75.405","75.691","75.381","","0.29%"
"12/08/2021","75.384","75.412","75.591","75.306","","-0.03%"
"12/07/2021","75.409","75.397","75.513","75.272","","0.02%"
"12/06/2021","75.395","75.181","75.475","75.181","","0.20%"
"12/03/2021","75.241","75.017","75.349","74.948","","0.34%"
"12/02/2021","74.989","75.016","75.099","74.902","","-0.04%"
"12/01/2021","75.021","75.087","75.087","74.798","","-0.11%"
"11/30/2021","75.100","75.043","75.204","74.852","","0.07%"
"11/29/2021","75.050","74.826","75.186","74.803","","-0.02%"
"11/26/2021","75.065","74.601","75.105","74.575","","0.76%"
"11/25/2021","74.502","74.647","74.647","74.464","","-0.16%"
"11/24/2021","74.622","74.438","74.622","74.322","","0.24%"
"11/23/2021","74.447","74.440","74.592","74.371","","0.00%"
"11/22/2021","74.445","74.347","74.527","74.298","","0.13%"
"11/19/2021","74.350","74.184","74.498","74.184","","0.25%"
"11/18/2021","74.165","74.295","74.338","74.015","","-0.12%"
"11/17/2021","74.255","74.469","74.542","74.218","","-0.27%"
"11/16/2021","74.457","74.425","74.535","74.285","","0.07%"
"11/15/2021","74.404","74.373","74.520","74.340","","0.08%"
"11/12/2021","74.347","74.334","74.545","74.274","","0.05%"
"11/11/2021","74.312","74.410","74.607","74.282","","-0.14%"
"11/10/2021","74.415","74.187","74.437","74.076","","0.32%"
"11/09/2021","74.175","73.905","74.175","73.834","","0.34%"
"11/08/2021","73.921","74.224","74.295","73.876","","-0.36%"
"11/05/2021","74.191","74.560","74.582","74.171","","-0.48%"
"11/04/2021","74.548","74.450","74.567","74.218","","0.13%"
"11/03/2021","74.452","74.700","74.745","74.380","","-0.33%"
"11/02/2021","74.695","74.837","74.910","74.570","","-0.19%"
"11/01/2021","74.837","74.935","75.045","74.794","","-0.13%"
"10/29/2021","74.935","74.803","75.048","74.755","","0.20%"
"10/28/2021","74.788","75.069","75.136","74.750","","-0.37%"
"10/27/2021","75.069","74.942","75.110","74.884","","0.17%"
"10/26/2021","74.942","75.022","75.175","74.862","","-0.11%"
"10/25/2021","75.022","74.945","75.182","74.887","","0.03%"
"10/22/2021","74.999","74.869","74.999","74.672","","0.15%"
"10/21/2021","74.889","74.829","74.944","74.703","","0.11%"
"10/20/2021","74.810","75.075","75.209","74.761","","-0.41%"
"10/19/2021","75.120","75.240","75.275","74.892","","-0.12%"
"10/18/2021","75.210","75.041","75.409","75.041","","0.24%"
"10/15/2021","75.030","74.987","75.075","74.882","","0.05%"
"10/14/2021","74.995","75.256","75.385","74.970","","-0.41%"
"10/13/2021","75.306","75.502","75.535","75.194","","-0.24%"
"10/12/2021","75.488","75.434","75.685","75.179","","0.11%"
"10/11/2021","75.403","75.119","75.546","75.070","","0.36%"
"10/08/2021","75.131","74.844","75.197","74.822","","0.41%"
"10/07/2021","74.825","74.768","74.950","74.714","","0.06%"
"10/06/2021","74.778","74.522","75.066","74.522","","0.29%"
"10/05/2021","74.565","74.578","74.688","74.430","","-0.03%"
"10/04/2021","74.588","74.147","74.597","74.135","","0.59%"
"10/01/2021","74.150","74.190","74.389","74.090","","-0.03%"
"09/30/2021","74.170","74.326","74.361","74.115","","-0.17%"
"09/29/2021","74.298","74.174","74.359","74.097","","0.13%"
"09/28/2021","74.200","73.800","74.260","73.734","","0.51%"
"09/27/2021","73.825","73.685","73.886","73.610","","0.01%"
"09/24/2021","73.821","73.832","73.875","73.619","","0.01%"
"09/23/2021","73.810","73.880","73.912","73.600","","-0.02%"
"09/22/2021","73.825","73.777","73.955","73.675","","0.11%"
"09/21/2021","73.745","73.645","73.759","73.555","","0.12%"
"09/20/2021","73.653","73.825","73.847","73.615","","0.01%"
"09/17/2021","73.645","73.526","73.645","73.413","","0.10%"
"09/16/2021","73.575","73.445","73.616","73.335","","0.18%"
"09/15/2021","73.445","73.629","73.742","73.423","","-0.27%"
"09/14/2021","73.647","73.529","73.734","73.517","","0.11%"
"09/13/2021","73.565","73.545","73.787","73.545","","0.06%"
"09/10/2021","73.524","73.556","73.556","73.375","","-0.03%"
"09/09/2021","73.546","73.740","73.897","73.506","","-0.34%"
"09/08/2021","73.796","73.416","73.883","73.412","","0.48%"
"09/07/2021","73.442","73.073","73.494","73.047","","0.50%"
"09/06/2021","73.078","72.995","73.131","72.971","","0.11%"
"09/03/2021","72.997","73.013","73.166","72.930","","-0.01%"
"09/02/2021","73.006","72.998","73.134","72.951","","0.02%"
"09/01/2021","72.995","72.987","73.161","72.916","","0.06%"
"08/31/2021","72.951","73.423","73.423","72.907","","-0.47%"
"08/30/2021","73.299","73.456","73.556","73.187","","-0.24%"
"08/27/2021","73.475","74.126","74.210","73.454","","-0.92%"
"08/26/2021","74.155","74.103","74.275","74.091","","0.05%"
"08/25/2021","74.120","74.150","74.310","74.120","","-0.02%"
"08/24/2021","74.136","74.084","74.230","74.081","","0.00%"
"08/23/2021","74.135","74.261","74.321","74.089","","-0.29%"
"08/20/2021","74.352","74.385","74.483","74.322","","-0.04%"
"08/19/2021","74.380","74.280","74.464","74.261","","0.12%"
"08/18/2021","74.290","74.321","74.355","74.234","","-0.11%"
"08/17/2021","74.375","74.134","74.395","74.134","","0.28%"
"08/16/2021","74.170","74.232","74.305","74.123","","-0.10%"
"08/13/2021","74.242","74.241","74.326","74.238","","-0.10%"
"08/12/2021","74.315","74.103","74.340","74.103","","0.07%"
"08/11/2021","74.263","74.419","74.501","74.201","","-0.23%"
"08/10/2021","74.435","74.456","74.509","74.337","","-0.07%"
"08/09/2021","74.488","74.243","74.488","74.203","","0.33%"
"08/06/2021","74.242","74.082","74.242","74.041","","0.19%"
"08/05/2021","74.100","74.172","74.290","74.087","","-0.10%"
"08/04/2021","74.175","74.242","74.279","74.105","","-0.10%"
"08/03/2021","74.251","74.317","74.368","74.204","","-0.14%"
"08/02/2021","74.356","74.342","74.432","74.316","","0.02%"
"07/30/2021","74.344","74.256","74.454","74.249","","0.13%"
"07/29/2021","74.248","74.383","74.432","74.219","","-0.34%"
"07/28/2021","74.500","74.526","74.534","74.310","","-0.01%"
"07/27/2021","74.504","74.279","74.546","74.279","","0.22%"
"07/26/2021","74.340","74.442","74.534","74.338","","-0.12%"
"07/23/2021","74.427","74.457","74.575","74.374","","-0.04%"
"07/22/2021","74.455","74.441","74.525","74.306","","-0.05%"
"07/21/2021","74.495","74.525","74.642","74.493","","-0.05%"
"07/20/2021","74.535","74.944","74.973","74.535","","-0.43%"
"07/19/2021","74.858","74.681","75.032","74.681","","0.33%"
"07/16/2021","74.610","74.532","74.669","74.491","","0.08%"
"07/15/2021","74.550","74.462","74.576","74.436","","0.11%"
"07/14/2021","74.470","74.654","74.660","74.461","","-0.17%"
"07/13/2021","74.600","74.519","74.679","74.406","","0.07%"
"07/12/2021","74.545","74.537","74.685","74.415","","0.08%"
"07/09/2021","74.487","74.762","74.768","74.468","","-0.34%"
"07/08/2021","74.740","74.744","74.875","74.660","","-0.08%"
"07/07/2021","74.800","74.762","74.820","74.560","","0.28%"
"07/06/2021","74.591","74.335","74.629","74.243","","0.37%"
"07/05/2021","74.317","74.553","74.582","74.284","","-0.27%"
"07/02/2021","74.518","74.558","74.887","74.502","","-0.06%"
"07/01/2021","74.565","74.364","74.639","74.330","","0.27%"
"06/30/2021","74.365","74.218","74.474","74.205","","0.09%"
"06/29/2021","74.300","74.277","74.352","74.205","","0.03%"
"06/28/2021","74.275","74.159","74.316","74.159","","0.07%"
"06/25/2021","74.220","74.172","74.258","74.116","","0.04%"
"06/24/2021","74.190","74.225","74.278","74.110","","0.05%"
"06/23/2021","74.150","74.350","74.406","74.056","","-0.26%"
"06/22/2021","74.340","74.120","74.418","74.051","","0.27%"
"06/21/2021","74.140","74.102","74.336","74.058","","0.03%"
"06/18/2021","74.120","74.208","74.301","73.818","","-0.09%"
"06/17/2021","74.186","73.593","74.263","73.588","","1.24%"
"06/16/2021","73.275","73.345","73.394","73.260","","-0.12%"
"06/15/2021","73.360","73.208","73.383","73.159","","0.24%"
"06/14/2021","73.185","73.257","73.296","73.102","","-0.08%"
"06/11/2021","73.245","73.005","73.262","72.883","","0.23%"
"06/10/2021","73.080","72.948","73.135","72.932","","0.13%"
"06/09/2021","72.985","72.920","73.020","72.884","","0.04%"
"06/08/2021","72.955","72.783","72.975","72.765","","0.20%"
"06/07/2021","72.811","72.918","72.952","72.763","","-0.08%"
"06/04/2021","72.870","73.040","73.129","72.812","","-0.24%"
"06/03/2021","73.045","73.016","73.185","72.833","","0.12%"
"06/02/2021","72.960","72.860","73.333","72.860","","0.13%"
"06/01/2021","72.865","72.484","72.958","72.475","","0.48%"
"05/31/2021","72.518","72.377","72.662","72.347","","0.15%"
"05/28/2021","72.410","72.692","72.692","72.320","","-0.41%"
"05/27/2021","72.710","72.684","72.798","72.508","","-0.02%"
"05/26/2021","72.725","72.805","72.805","72.630","","-0.10%"
"05/25/2021","72.795","72.870","72.880","72.745","","-0.05%"
"05/24/2021","72.835","72.861","72.983","72.825","","0.01%"
"05/21/2021","72.827","73.007","73.095","72.760","","-0.26%"
"05/20/2021","73.015","73.157","73.227","73.015","","-0.28%"
"05/19/2021","73.220","73.130","73.250","72.938","","0.23%"
"05/18/2021","73.055","73.222","73.270","72.956","","-0.38%"
"05/17/2021","73.335","73.281","73.335","73.151","","0.05%"
"05/14/2021","73.300","73.450","73.486","73.189","","-0.24%"
"05/13/2021","73.480","73.611","73.662","73.470","","-0.08%"
"05/12/2021","73.538","73.379","73.541","73.371","","0.22%"
"05/11/2021","73.375","73.503","73.540","73.280","","-0.12%"
"05/10/2021","73.460","73.283","73.497","73.267","","0.28%"
"05/07/2021","73.254","73.619","73.757","73.248","","-0.48%"
"05/06/2021","73.605","73.788","74.007","73.595","","-0.28%"
"05/05/2021","73.810","73.769","74.055","73.741","","0.05%"
"05/04/2021","73.770","73.849","73.982","73.770","","-0.07%"
"05/03/2021","73.820","74.260","74.335","73.820","","-0.32%"
"04/30/2021","74.055","74.131","74.208","73.945","","-0.06%"
"04/29/2021","74.100","74.210","74.295","73.957","","-0.53%"
"04/28/2021","74.493","74.600","74.605","74.279","","-0.13%"
"04/27/2021","74.590","74.798","74.843","74.513","","-0.22%"
"04/26/2021","74.757","74.749","74.941","74.689","","-0.23%"
"04/23/2021","74.930","75.131","75.134","74.760","","-0.25%"
"04/22/2021","75.120","75.422","75.438","74.850","","-0.42%"
"04/21/2021","75.439","75.371","75.579","75.293","","0.06%"
"04/20/2021","75.395","74.674","75.458","74.520","","0.71%"
"04/19/2021","74.860","74.556","75.060","74.548","","0.43%"
"04/16/2021","74.540","74.715","74.862","74.292","","-0.25%"
"04/15/2021","74.730","75.062","75.358","74.730","","-0.44%"
"04/14/2021","75.060","75.185","75.259","75.059","","-0.28%"
"04/13/2021","75.270","75.010","75.547","74.961","","0.37%"
"04/12/2021","74.990","74.968","75.202","74.741","","0.34%"
"04/09/2021","74.734","74.566","74.987","74.538","","0.21%"
"04/08/2021","74.577","74.435","74.899","74.186","","0.28%"
"04/07/2021","74.368","73.454","74.592","73.437","","1.19%"
"04/06/2021","73.490","73.262","73.499","73.209","","0.23%"
"04/05/2021","73.319","73.336","73.482","73.292","","-0.09%"
"04/02/2021","73.385","73.286","73.405","73.268","","0.07%"
"04/01/2021","73.332","73.175","73.459","73.162","","0.25%"
"03/31/2021","73.148","73.418","73.627","73.056","","-0.40%"
"03/30/2021","73.445","72.719","73.628","72.719","","0.95%"
"03/29/2021","72.755","72.531","72.764","72.480","","0.19%"
"03/26/2021","72.615","72.638","72.661","72.357","","-0.07%"
"03/25/2021","72.665","72.585","72.715","72.552","","0.10%"
"03/24/2021","72.595","72.565","72.728","72.502","","0.06%"
"03/23/2021","72.555","72.371","72.555","72.268","","0.24%"
"03/22/2021","72.380","72.450","72.536","72.312","","-0.05%"
"03/19/2021","72.413","72.661","72.715","72.413","","-0.39%"
"03/18/2021","72.700","72.342","72.729","72.324","","0.18%"
"03/17/2021","72.570","72.548","72.632","72.510","","0.08%"
"03/16/2021","72.515","72.515","72.642","72.368","","-0.03%"
"03/15/2021","72.535","72.661","72.789","72.380","","-0.21%"
"03/12/2021","72.690","72.664","72.876","72.630","","-0.01%"
"03/11/2021","72.700","72.757","72.802","72.580","","-0.04%"
"03/10/2021","72.730","72.811","73.107","72.728","","-0.06%"
"03/09/2021","72.776","73.329","73.394","72.776","","-0.80%"
"03/08/2021","73.360","73.205","73.409","72.933","","0.23%"
"03/05/2021","73.190","73.071","73.217","72.745","","0.62%"
"03/04/2021","72.739","72.886","73.113","72.599","","-0.28%"
"03/03/2021","72.940","73.241","73.290","72.692","","-0.44%"
"03/02/2021","73.260","73.388","73.513","73.260","","-0.20%"
"03/01/2021","73.405","73.592","73.789","73.174","","-0.72%"
"02/26/2021","73.937","72.963","74.072","72.949","","1.64%"
"02/25/2021","72.745","72.391","72.767","72.289","","0.49%"
"02/24/2021","72.390","72.390","72.475","72.268","","0.01%"
"02/23/2021","72.382","72.465","72.561","72.304","","-0.09%"
"02/22/2021","72.450","72.556","72.598","72.290","","-0.15%"
"02/19/2021","72.560","72.593","72.732","72.417","","-0.03%"
"02/18/2021","72.585","72.840","72.840","72.535","","-0.34%"
"02/17/2021","72.835","72.910","72.981","72.740","","-0.05%"
"02/16/2021","72.870","72.610","72.919","72.601","","0.34%"
"02/15/2021","72.624","72.603","72.696","72.513","","0.04%"
"02/12/2021","72.595","72.719","72.840","72.565","","-0.16%"
"02/11/2021","72.710","72.796","72.900","72.673","","-0.12%"
"02/10/2021","72.795","72.855","72.898","72.765","","-0.08%"
"02/09/2021","72.856","72.922","72.951","72.822","","-0.11%"
"02/08/2021","72.935","72.805","73.004","72.761","","0.16%"
"02/05/2021","72.815","72.989","73.034","72.770","","-0.19%"
"02/04/2021","72.955","72.826","72.997","72.826","","0.19%"
"02/03/2021","72.815","72.953","73.012","72.805","","-0.14%"
"02/02/2021","72.917","73.038","73.116","72.907","","-0.28%"
"02/01/2021","73.120","72.908","73.200","72.815","","0.29%"
"01/29/2021","72.906","72.935","73.060","72.829","","-0.05%"
"01/28/2021","72.944","73.033","73.193","72.889","","-0.17%"
"01/27/2021","73.070","72.904","73.092","72.790","","0.21%"
"01/26/2021","72.915","72.943","73.138","72.838","","-0.08%"
"01/25/2021","72.970","72.958","73.016","72.877","","-0.02%"
"01/22/2021","72.985","72.955","73.105","72.915","","0.02%"
"01/21/2021","72.970","72.924","73.056","72.900","","0.08%"
"01/20/2021","72.915","73.195","73.195","72.883","","-0.38%"
"01/19/2021","73.192","73.162","73.306","73.104","","0.01%"
"01/18/2021","73.188","73.128","73.327","73.128","","0.08%"
"01/15/2021","73.130","73.097","73.213","72.995","","0.07%"
"01/14/2021","73.080","73.143","73.240","72.922","","-0.12%"
"01/13/2021","73.170","73.175","73.238","73.065","","-0.08%"
"01/12/2021","73.225","73.497","73.497","73.195","","-0.34%"
"01/11/2021","73.474","73.439","73.600","73.367","","0.18%"
"01/08/2021","73.340","73.440","73.495","73.204","","-0.12%"
"01/07/2021","73.430","73.169","73.475","73.065","","0.40%"
"01/06/2021","73.136","73.184","73.234","73.055","","0.01%"
"01/05/2021","73.130","73.065","73.291","72.987","","0.07%"
"01/04/2021","73.080","73.089","73.125","72.827","","-0.06%"
"01/01/2021","73.125","73.100","73.130","73.025","","0.10%"
"12/31/2020","73.054","73.208","73.232","72.955","","-0.12%"
"12/30/2020","73.144","73.358","73.413","73.135","","-0.36%"
"12/29/2020","73.405","73.555","73.555","73.310","","-0.19%"
"12/28/2020","73.548","73.558","73.609","73.454","","-0.01%"
"12/25/2020","73.558","73.558","73.558","73.558","","0.00%"
"12/24/2020","73.555","73.805","73.845","73.517","","-0.30%"
"12/23/2020","73.780","73.910","73.910","73.660","","-0.10%"
"12/22/2020","73.854","73.938","73.948","73.802","","-0.24%"
"12/21/2020","74.028","73.575","74.105","73.575","","0.62%"
"12/18/2020","73.575","73.525","73.582","73.475","","0.07%"
"12/17/2020","73.525","73.585","73.627","73.367","","-0.16%"
"12/16/2020","73.640","73.527","73.660","73.457","","0.11%"
"12/15/2020","73.558","73.666","73.674","73.537","","-0.11%"
"12/14/2020","73.640","73.746","73.746","73.450","","-0.13%"
"12/11/2020","73.738","73.712","73.809","73.526","","-0.01%"
"12/10/2020","73.745","73.725","73.777","73.625","","0.02%"
"12/09/2020","73.730","73.697","73.730","73.520","","0.01%"
"12/08/2020","73.725","73.813","73.841","73.505","","-0.07%"
"12/07/2020","73.779","73.821","73.993","73.698","","0.00%"
"12/04/2020","73.776","73.878","73.878","73.661","","-0.13%"
"12/03/2020","73.870","73.685","73.982","73.670","","0.14%"
"12/02/2020","73.770","73.490","73.840","73.402","","0.37%"
"12/01/2020","73.500","74.023","74.023","73.458","","-0.68%"
"11/30/2020","74.000","73.943","74.020","73.870","","0.09%"
"11/27/2020","73.935","73.834","74.113","73.724","","0.13%"
"11/26/2020","73.837","73.776","73.906","73.714","","0.07%"
"11/25/2020","73.789","73.965","74.020","73.743","","-0.39%"
"11/24/2020","74.079","74.244","74.244","73.861","","-0.24%"
"11/23/2020","74.260","74.128","74.279","74.005","","0.19%"
"11/20/2020","74.120","74.150","74.213","74.062","","0.01%"
"11/19/2020","74.110","74.300","74.348","74.096","","-0.01%"
"11/18/2020","74.120","74.470","74.530","74.066","","-0.48%"
"11/17/2020","74.480","74.340","74.640","74.340","","0.13%"
"11/16/2020","74.380","74.598","74.598","74.380","","-0.27%"
"11/13/2020","74.582","74.656","74.724","74.472","","-0.14%"
"11/12/2020","74.685","74.415","74.754","74.350","","0.30%"
"11/11/2020","74.462","74.172","74.543","74.172","","0.23%"
"11/10/2020","74.290","73.940","74.483","73.930","","0.34%"
"11/09/2020","74.035","73.979","74.175","73.634","","0.08%"
"11/06/2020","73.976","74.012","74.270","73.842","","0.07%"
"11/05/2020","73.925","74.310","74.420","73.925","","-0.60%"
"11/04/2020","74.368","74.586","74.998","74.325","","-0.34%"
"11/03/2020","74.625","74.427","74.631","74.254","","0.15%"
"11/02/2020","74.510","74.575","74.575","74.265","","-0.08%"
"10/30/2020","74.567","74.308","74.716","74.243","","0.25%"
"10/29/2020","74.380","74.227","74.533","73.937","","0.26%"
"10/28/2020","74.190","73.729","74.279","73.647","","0.77%"
"10/27/2020","73.624","73.929","74.000","73.595","","-0.47%"
"10/26/2020","73.970","73.850","74.123","73.697","","0.17%"
"10/23/2020","73.842","73.653","73.899","73.476","","0.23%"
"10/22/2020","73.670","73.660","73.807","73.520","","0.10%"
"10/21/2020","73.600","73.435","73.771","73.357","","0.20%"
"10/20/2020","73.450","73.325","73.564","73.290","","0.12%"
"10/19/2020","73.360","73.452","73.452","73.281","","-0.11%"
"10/16/2020","73.444","73.384","73.444","73.249","","0.01%"
"10/15/2020","73.435","73.305","73.533","73.209","","0.25%"
"10/14/2020","73.255","73.405","73.475","73.189","","-0.21%"
"10/13/2020","73.410","73.359","73.483","73.247","","0.06%"
"10/12/2020","73.364","73.014","73.419","73.014","","0.47%"
"10/09/2020","73.020","73.150","73.265","72.966","","-0.38%"
"10/08/2020","73.300","73.330","73.376","73.179","","-0.05%"
"10/07/2020","73.335","73.485","73.610","73.245","","-0.14%"
"10/06/2020","73.441","73.097","73.522","73.097","","0.44%"
"10/05/2020","73.117","73.300","73.486","73.067","","-0.24%"
"10/02/2020","73.295","73.242","73.453","73.242","","0.11%"
"10/01/2020","73.218","73.614","73.630","73.023","","-0.48%"
"09/30/2020","73.570","73.822","73.870","73.531","","-0.26%"
"09/29/2020","73.760","73.790","73.920","73.717","","-0.01%"
"09/28/2020","73.765","73.698","73.865","73.540","","0.11%"
"09/25/2020","73.685","73.735","73.785","73.571","","-0.30%"
"09/24/2020","73.910","73.840","74.057","73.770","","0.45%"
"09/23/2020","73.580","73.511","73.640","73.424","","0.08%"
"09/22/2020","73.520","73.580","73.650","73.390","","-0.08%"
"09/21/2020","73.580","73.543","73.640","73.265","","0.05%"
"09/18/2020","73.540","73.471","73.607","73.143","","-0.10%"
"09/17/2020","73.610","73.705","73.790","73.590","","0.09%"
"09/16/2020","73.545","73.585","73.788","73.475","","-0.09%"
"09/15/2020","73.610","73.400","73.740","73.310","","0.31%"
"09/14/2020","73.385","73.493","73.615","73.275","","-0.07%"
"09/11/2020","73.440","73.530","73.620","73.410","","0.00%"
"09/10/2020","73.440","73.453","73.508","73.160","","0.18%"
"09/09/2020","73.310","73.795","73.825","73.310","","-0.60%"
"09/08/2020","73.750","73.630","73.976","73.390","","0.41%"
"09/07/2020","73.447","73.292","73.490","73.028","","0.21%"
"09/04/2020","73.291","73.462","73.492","72.996","","-0.14%"
"09/03/2020","73.391","73.202","73.554","73.151","","0.17%"
"09/02/2020","73.269","73.137","73.302","72.892","","0.36%"
"09/01/2020","73.004","73.212","73.221","72.751","","-0.35%"
"08/31/2020","73.257","73.115","73.703","73.043","","0.19%"
"08/28/2020","73.115","73.816","73.876","73.115","","-1.07%"
"08/27/2020","73.904","74.290","74.375","73.780","","-0.43%"
"08/26/2020","74.222","74.205","74.463","74.183","","0.00%"
"08/25/2020","74.223","74.112","74.535","74.082","","0.07%"
"08/24/2020","74.169","74.922","74.922","73.949","","-1.01%"
"08/21/2020","74.922","74.962","74.992","74.816","","-0.12%"
"08/20/2020","75.013","74.966","75.131","74.931","","0.22%"
"08/19/2020","74.847","74.642","74.931","74.612","","0.36%"
"08/18/2020","74.575","74.735","74.888","74.575","","-0.23%"
"08/17/2020","74.744","74.875","74.911","74.715","","-0.21%"
"08/14/2020","74.903","74.899","74.994","74.754","","0.12%"
"08/13/2020","74.812","74.751","74.931","74.751","","0.02%"
"08/12/2020","74.795","74.605","74.935","74.605","","0.23%"
"08/11/2020","74.620","74.840","74.875","74.531","","-0.34%"
"08/10/2020","74.875","75.028","75.028","74.860","","-0.20%"
"08/07/2020","75.025","75.078","75.111","74.897","","0.17%"
"08/06/2020","74.900","74.860","75.014","74.785","","0.14%"
"08/05/2020","74.798","74.971","75.012","74.747","","-0.35%"
"08/04/2020","75.061","75.161","75.202","74.955","","-0.16%"
"08/03/2020","75.185","74.921","75.312","74.845","","0.36%"
"07/31/2020","74.918","74.747","74.921","74.682","","0.06%"
"07/30/2020","74.876","74.811","74.954","74.786","","-0.10%"
"07/29/2020","74.948","74.885","74.949","74.690","","0.05%"
"07/28/2020","74.909","74.762","74.939","74.707","","0.15%"
"07/27/2020","74.800","74.768","74.910","74.670","","0.05%"
"07/24/2020","74.760","74.900","74.990","74.694","","-0.07%"
"07/23/2020","74.815","74.605","74.964","74.595","","0.27%"
"07/22/2020","74.610","74.535","74.875","74.510","","0.09%"
"07/21/2020","74.540","74.710","74.880","74.520","","-0.28%"
"07/20/2020","74.750","74.906","75.035","74.740","","-0.20%"
"07/17/2020","74.898","75.194","75.258","74.898","","-0.38%"
"07/16/2020","75.180","75.110","75.300","75.110","","0.07%"
"07/15/2020","75.125","75.305","75.366","75.044","","-0.37%"
"07/14/2020","75.406","75.279","75.558","75.279","","0.26%"
"07/13/2020","75.212","75.218","75.248","75.105","","0.02%"
"07/10/2020","75.195","75.165","75.333","75.144","","0.05%"
"07/09/2020","75.155","74.924","75.155","74.909","","0.28%"
"07/08/2020","74.945","74.838","75.073","74.820","","0.18%"
"07/07/2020","74.810","74.645","74.979","74.635","","0.23%"
"07/06/2020","74.635","74.639","74.830","74.485","","0.00%"
"07/03/2020","74.636","74.597","75.027","74.567","","-0.15%"
"07/02/2020","74.750","75.460","75.540","74.646","","-0.98%"
"07/01/2020","75.490","75.510","75.629","75.466","","-0.07%"
"06/30/2020","75.545","75.523","75.628","75.425","","0.05%"
"06/29/2020","75.510","75.628","75.660","75.458","","-0.15%"
"06/26/2020","75.620","75.580","75.688","75.435","","0.04%"
"06/25/2020","75.587","75.717","75.782","75.503","","-0.10%"
"06/24/2020","75.665","75.486","75.780","75.486","","0.21%"
"06/23/2020","75.503","75.802","75.916","75.455","","-0.38%"
"06/22/2020","75.790","76.268","76.303","75.723","","-0.62%"
"06/19/2020","76.260","76.349","76.373","76.093","","-0.18%"
"06/18/2020","76.400","76.263","76.400","76.046","","0.14%"
"06/17/2020","76.290","76.268","76.370","76.082","","0.05%"
"06/16/2020","76.250","75.865","76.311","75.780","","0.36%"
"06/15/2020","75.979","76.073","76.190","75.936","","-0.09%"
"06/12/2020","76.050","75.992","76.260","75.772","","0.10%"
"06/11/2020","75.971","75.672","75.971","75.579","","0.44%"
"06/10/2020","75.635","75.532","75.676","75.419","","0.17%"
"06/09/2020","75.505","75.458","75.702","75.423","","0.14%"
"06/08/2020","75.400","75.578","75.685","75.400","","-0.21%"
"06/05/2020","75.560","75.432","75.725","75.325","","0.13%"
"06/04/2020","75.459","75.373","75.660","75.355","","0.18%"
"06/03/2020","75.325","75.063","75.555","75.020","","0.30%"
"06/02/2020","75.100","75.553","75.628","74.970","","-0.54%"
"06/01/2020","75.505","75.473","75.773","75.275","","-0.13%"
"05/29/2020","75.605","75.705","75.755","75.448","","-0.07%"
"05/28/2020","75.660","75.812","75.910","75.632","","-0.34%"
"05/27/2020","75.920","75.565","75.988","75.538","","0.61%"
"05/26/2020","75.459","75.868","75.880","75.412","","-0.56%"
"05/25/2020","75.887","75.951","76.110","75.855","","-0.08%"
"05/22/2020","75.950","75.663","76.018","75.633","","0.44%"
"05/21/2020","75.620","75.540","75.833","75.386","","0.09%"
"05/20/2020","75.555","75.705","75.865","75.453","","-0.12%"
"05/19/2020","75.645","75.605","75.795","75.552","","-0.07%"
"05/18/2020","75.700","75.838","76.070","75.639","","-0.17%"
"05/15/2020","75.830","75.521","75.950","75.416","","0.44%"
"05/14/2020","75.495","75.454","75.712","75.335","","0.17%"
"05/13/2020","75.365","75.278","75.510","75.045","","0.40%"
"05/12/2020","75.062","75.971","75.993","75.049","","-1.09%"
"05/11/2020","75.888","75.561","75.948","75.476","","0.47%"
"05/08/2020","75.535","75.611","75.665","75.285","","-0.34%"
"05/07/2020","75.794","76.099","76.152","75.780","","-0.41%"
"05/06/2020","76.105","75.828","76.111","75.653","","0.52%"
"05/05/2020","75.710","75.650","75.870","75.489","","0.09%"
"05/04/2020","75.640","75.758","75.820","75.581","","-0.14%"
"05/01/2020","75.749","75.320","75.805","75.294","","0.89%"
"04/30/2020","75.080","75.405","75.430","74.910","","-0.50%"
"04/29/2020","75.455","76.063","76.110","75.455","","-0.80%"
"04/28/2020","76.065","76.127","76.450","75.815","","-0.22%"
"04/27/2020","76.229","76.270","76.347","76.019","","-0.05%"
"04/24/2020","76.270","75.825","76.488","75.825","","0.49%"
"04/23/2020","75.895","76.468","76.468","75.826","","-0.67%"
"04/22/2020","76.410","76.938","77.018","76.410","","-0.73%"
"04/21/2020","76.975","76.585","77.006","76.585","","0.52%"
"04/20/2020","76.575","76.553","76.680","76.283","","0.03%"
"04/17/2020","76.550","76.829","76.829","76.238","","-0.33%"
"04/16/2020","76.805","76.638","76.927","76.563","","0.31%"
"04/15/2020","76.564","76.038","76.654","75.936","","0.72%"
"04/14/2020","76.015","76.321","76.376","76.015","","-0.31%"
"04/13/2020","76.249","75.881","76.449","75.881","","0.49%"
"04/10/2020","75.879","75.903","75.937","75.849","","-0.55%"
"04/09/2020","76.300","76.103","76.555","76.019","","0.47%"
"04/08/2020","75.945","75.638","76.405","75.638","","0.40%"
"04/07/2020","75.645","75.988","76.008","75.543","","-0.43%"
"04/06/2020","75.975","76.253","76.268","75.902","","-0.35%"
"04/03/2020","76.240","75.954","76.304","75.764","","-0.21%"
"04/02/2020","76.400","76.387","76.431","76.346","","-0.01%"
"04/01/2020","76.404","75.315","76.422","75.315","","1.41%"
"03/31/2020","75.343","75.530","75.685","75.280","","-0.09%"
"03/30/2020","75.410","75.140","75.670","75.093","","-0.08%"
"03/27/2020","75.472","74.603","75.528","74.353","","0.78%"
"03/26/2020","74.889","75.864","75.954","74.889","","-1.95%"
"03/25/2020","76.375","76.375","76.375","76.375","","-0.01%"
"03/24/2020","76.379","76.079","76.386","75.950","","0.06%"
"03/23/2020","76.335","75.380","76.335","75.380","","1.24%"
"03/20/2020","75.399","74.804","75.399","74.704","","0.82%"
"03/19/2020","74.786","74.855","75.311","74.667","","0.32%"
"03/18/2020","74.550","73.974","74.550","73.924","","0.66%"
"03/17/2020","74.062","74.072","74.315","73.858","","0.08%"
"03/16/2020","74.003","74.006","74.359","73.999","","0.22%"
"03/13/2020","73.840","74.561","74.561","73.732","","-0.99%"
"03/12/2020","74.576","74.134","74.579","74.074","","1.21%"
"03/11/2020","73.682","73.792","74.015","73.532","","-0.63%"
"03/10/2020","74.150","74.248","74.248","74.150","","-0.06%"
"03/09/2020","74.196","73.975","74.254","73.850","","0.26%"
"03/06/2020","74.004","73.873","74.073","73.529","","0.68%"
"03/05/2020","73.506","73.518","73.565","73.044","","-0.05%"
"03/04/2020","73.540","73.060","73.640","72.910","","0.67%"
"03/03/2020","73.050","72.480","73.397","72.440","","0.23%"
"03/02/2020","72.882","72.520","72.954","72.028","","0.47%"
"02/28/2020","72.539","71.755","72.574","71.755","","1.23%"
"02/27/2020","71.655","71.645","71.704","71.545","","0.10%"
"02/26/2020","71.580","71.833","71.873","71.532","","-0.33%"
"02/25/2020","71.820","71.870","71.920","71.611","","-0.16%"
"02/24/2020","71.935","71.915","72.015","71.775","","0.08%"
"02/21/2020","71.880","71.665","72.056","71.665","","0.28%"
"02/20/2020","71.680","71.735","71.820","71.530","","0.11%"
"02/19/2020","71.600","71.573","71.600","71.452","","0.02%"
"02/18/2020","71.585","71.415","71.611","71.375","","0.34%"
"02/17/2020","71.340","71.430","71.507","71.260","","-0.26%"
"02/14/2020","71.529","71.294","71.597","71.272","","0.28%"
"02/13/2020","71.330","71.360","71.511","71.254","","0.03%"
"02/12/2020","71.306","71.211","71.391","71.211","","0.03%"
"02/11/2020","71.285","71.235","71.330","71.179","","-0.01%"
"02/10/2020","71.290","71.400","71.457","71.285","","-0.31%"
"02/07/2020","71.515","71.260","71.538","71.213","","0.41%"
"02/06/2020","71.225","71.181","71.300","71.107","","0.05%"
"02/05/2020","71.190","71.110","71.300","71.110","","0.11%"
"02/04/2020","71.115","71.215","71.298","71.090","","-0.29%"
"02/03/2020","71.324","71.523","71.653","71.268","","-0.32%"
"01/31/2020","71.555","71.575","71.578","71.294","","0.01%"
"01/30/2020","71.550","71.420","71.660","71.390","","0.34%"
"01/29/2020","71.310","71.240","71.411","71.165","","0.15%"
"01/28/2020","71.200","71.432","71.432","71.200","","-0.35%"
"01/27/2020","71.450","71.475","71.520","71.373","","0.17%"
"01/24/2020","71.330","71.340","71.371","71.220","","-0.10%"
"01/23/2020","71.400","71.190","71.465","71.169","","0.45%"
"01/22/2020","71.080","71.180","71.265","71.076","","-0.13%"
"01/21/2020","71.170","71.190","71.250","71.121","","0.18%"
"01/20/2020","71.040","71.070","71.160","71.010","","-0.05%"
"01/17/2020","71.079","70.953","71.099","70.933","","0.14%"
"01/16/2020","70.978","70.775","71.007","70.775","","0.36%"
"01/15/2020","70.720","71.000","71.023","70.682","","-0.18%"
"01/14/2020","70.850","70.720","70.975","70.720","","0.20%"
"01/13/2020","70.710","70.805","70.945","70.710","","-0.35%"
"01/10/2020","70.960","71.240","71.260","70.848","","-0.35%"
"01/09/2020","71.210","71.510","71.544","71.134","","-0.42%"
"01/08/2020","71.510","71.954","72.114","71.466","","-0.47%"
"01/07/2020","71.845","71.765","71.923","71.670","","-0.03%"
"01/06/2020","71.867","72.011","72.123","71.834","","0.14%"
"01/03/2020","71.770","71.610","71.844","71.520","","0.59%"
"01/02/2020","71.350","71.235","71.408","71.235","","0.17%"
"01/01/2020","71.227","71.365","71.377","71.225","","-0.18%"